Unnamed: 0,CloseDate,AccountId,Amount,Probability
0,2025-07-27,YSuAHqKPCccxgNxIMsgCLCFRdMumCtBywdWpPPnT,62691.03,20%
1,2021-10-30,KaWXGdCxEQvdTnxPBfSzHutuoFkzEspSLlUOMwRI,66629.57,20%
2,2021-05-18,OPPXlBlmKjtOBYFCtxYJvpQOznFtGvPXSuhJSRsi,5676.52,20%
3,2020-05-30,frlhfZwddZKrWsKBSZmEpKHfMjSUaoXPRecQElQC,9002.01,40%
4,2023-05-01,QEvlNNWOfnseXsexORiJqaWovsSeFiSdlCUoUDEV,8640.26,100%
5,2024-06-16,dnUjhhhWbRMPStLVzhUFJutncQhsGkIcfbXUgvrz,27290.7,20%
6,2024-08-10,IrLNeIJBIaaLnQheRGYQLUgvzvsRnKNCOHmsTmyK,60169.81,20%
7,2021-08-28,oKBREKTladrcITlWIcsTWqescFzUwSaneDHApmHm,43111.76,20%
8,2023-12-21,zdqekqfAwYBDOsEuUCDzOFEmNVAXVsXiykdWYEDd,12915.31,100%
9,2021-02-24,oGmsmQJKfBoghEMUrpivzUqHsREufnbmYUHOzPcR,63824.73,100%
10,2021-06-07,qlDbwtRMzUhSUuogrxYXyojCJWJPkCaqFDzlzxXA,25718.12,100%
11,2023-03-03,ltufvtPfjAoSxDslfUTiLuNgBxiQiIwDvyZBLJIy,82819.04,100%
12,2023-10-17,CTUfDTBgOeJlVonZSCFiOAOUfhykbyOMxZnBiZKq,4586.85,40%
13,2022-10-02,tGjhooCymiUzpEYHSabgCTSZxSpJHSsqJAgJhBoZ,67481.77,100%
14,2024-11-05,jrqIJUmJHucimVOCaImubXpGSaAtzZNXuJISgDsb,73096.96,100%
15,2023-07-01,daTTkYZDpXQPNnWubGkwholgEqpITzVnGAvonQFY,82326.31,100%
16,2022-01-20,lCEkZLlLSBzJCqOskeVQkHDlOeTlecOQakrQNXZd,76298.2,100%
17,2024-11-10,tGnPnNUDwsHjAbZHjzwDJGxVEsntygajwrdBGuQx,32879.11,40%
18,2021-02-12,pTkPUAXxKIhxKRLGLVDXIHEEOZVOCQqSGEBJfzEw,28828.58,40%
19,2022-12-03,NSDInApkKXURMtaUIfcCEEuIOqRkMDHxAWzVXYIO,1938.83,100%
20,2023-03-27,oxKxHvKoltqznbTkiiHfslSmmnWZwQLjTJYMAnLF,90163.3,20%
21,2025-11-13,gzYUsvkDeTmBaDqvXebOCwAdWCWWCbsbwbQFpoIP,30445.86,20%
22,2021-07-24,vdZRcecLOUSVvDeFoiPIVrgxrscKFMdqMPqcTtyU,77266.2,40%
23,2021-08-08,BtFiTsdCrWhpczCagxzlUrNleCOhekMyBUHCARhX,16925.44,100%
24,2021-01-30,TIWSptKmWjmLtttkcfJDESFiJZHfuPiSRxhByBSs,56892.06,100%
25,2025-12-08,oGmsmQJKfBoghEMUrpivzUqHsREufnbmYUHOzPcR,77716.5,40%
26,2024-07-30,UPbPvhSYOcoEePmcMnGDVsFZuwSXRngVeQAYIfIy,42346.61,20%
27,2024-04-17,RZfPtFrxqaTTRhQzAEnZfljUyncZLdvSuyKeHfNi,86082.3,100%
28,2024-01-07,UkFnKMsytfPByCjLiRlVrKAQlidWDVVwhQMKIAjP,31892.15,40%
29,2019-11-23,IYQjjqPywShdxTFHvMvcpkPPeRuXHhoCjWLlVFBA,33326.35,100%
30,2020-05-26,KjuurQlZlirFWXQRrkDvwcqdyBwcbQUtLLSTbxbZ,82760.69,20%
31,2024-06-30,COiHPdLxGNBATXboRinqIviEmzbIiEyhTtJTmXMy,98270.99,100%
32,2025-10-09,RhoiJaLsdYmrxNALkCMXztSlRNgSXYtzrxRXpZxx,7442.38,20%
33,2024-07-05,PUbSLBYvgReqFEDVxutgPPYjyArdfuNOwceTYdfs,41715.3,20%
34,2024-05-02,PcAaMKrAztrsUtScFAshPrqiEzKwFTQIJPjYRXUK,58376.45,40%
35,2025-01-18,SChkbIkGuKeqFIWMnCgYLmyDOizvnPpwVZpbAKjT,80038.83,40%
36,2023-04-10,YAMxWwXrYjtYcBJlccvMFxFhpRhNZgvbXGFCySxW,33800.91,100%
37,2025-11-12,LCxMJYgLloIuAKpdSshNTYTSRdopBJTybTJEDYyC,43395.23,40%
38,2023-04-14,FuxxAXggxRbgtbaCFvkENmFxiVKlpTYbMsagkeMY,12172.71,100%
39,2024-08-20,vZrVobzDXZzyctnBlzSHZlvMPjQalMgWmjXzVCGn,43891.63,100%
40,2024-01-13,nQkAHUZzypYOXYgygQFWCZCXXOzAeyKMqTuWjKTv,38945.98,40%
41,2025-02-21,ksDoGCDOHvKXgUsxogwEMzPRcfHqGjTMnUcOkZnt,769.0,100%
42,2023-02-08,GVaVDFpEkYdVGCpMXXwFCBuetuBUTrRrJTfKlTPP,579.69,40%
43,2024-11-19,DMbVmTTjRWrMAjoGNuZbjvVCRuxYCKfgaqIgijIQ,10973.27,100%
44,2021-07-23,inuveEmdFWLGSRgzeWddHIYLJOTORGRzRlEbBmei,69114.62,20%
45,2020-04-28,UHYlMdBRFlciRFriTZIwddyiCpBlVSWpHWtqMWpj,86132.94,100%
46,2025-06-17,kTHoEUKbPaOhtOtuZQyJlZlXymOXNsaDxFzqtlAX,45162.01,100%
47,2024-09-29,cblWGUdysolxgjsAIhkRVnrQpGgVaVchtLbFplFG,65951.09,100%
48,2023-08-26,NnWfjhEogPYETKyvLQwkGUNRBqoPdSeahTdDNbAY,96768.49,40%
49,2023-05-10,wUfgegqpyPzllsiPWwuOClDUeSgXdNKxMSCcXFxE,50966.1,100%
50,2020-10-09,LHREChWEnZGElPVNEpBmMiaVGqfdrzqMdCQaUolr,46803.69,100%
51,2024-01-06,zTGxfNHeZICMztFIkCDWqTQUEzTSNwGhEYwpishY,30033.28,20%
52,2020-11-12,rFMCkPvnxzFsdeOlfpbSbhtKeCZyelYsZMHlyRTn,79587.27,40%
53,2025-12-09,oqgkgQCPPBgCGMgfVYKiYinUVyxuzCFjvCQZJltJ,94649.62,40%
54,2021-10-07,XfpOOQDoxvMZgfiXRlMpwECMiyFhSjrQMQCCQVaY,90446.76,100%
55,2023-04-02,qSGXnNIthnxkmWYoOigNqtQMrpWIddxvIiixWjbp,50103.61,20%
56,2019-06-10,tFMziUKxntmYLeNxlHFWKPJVzocObpGdFVBvQOLJ,67868.98,20%
57,2023-12-22,BYMYfdOPNvAZKnZUvYOzXwoFyzLRgeHzCBHSVAQw,60103.94,20%
58,2020-06-16,ERneXQJpFCmUcRdLgJKEWhYDoILXQivoJKNVWfVJ,99438.26,20%
59,2023-06-18,MLmrrxBwLDWkWFwEdQonGWVAafzcQPFxddwAffbS,63199.07,20%
60,2020-01-03,lnALIapSLlZzVKbDMajCgBRtveLkiMzjIkzhVVdf,33569.08,40%
61,2024-08-11,vXElpGjWRghoUMNLLFXzCQRlqEmDbxcspVKeZWnM,63537.72,100%
62,2021-10-20,OVccmycaDPAjEubvHmqeCZTGBWHHpBVdxOoPFNfO,47655.37,40%
63,2020-10-07,nFIbEqOsvXHxDggrFQZSffAwDSQovZfNBMVtOzCN,77597.5,40%
64,2024-04-14,wzJwTNoQpnoYLrDYmMZRMXDwYPSOLbMgHNDqjiwX,63161.82,20%
65,2022-10-07,OQASRuOoQCasRFkFdcYwTvBLQMzUxgxpTiqwPFKI,19255.13,100%
66,2019-08-28,wPAniaNDqDOsAZjxeEDVqKyTaqgcgrLvqqTelHkU,3519.71,40%
67,2021-12-14,dnGmfMsfzuNbLdUeFZJZJTjCbKSAHOBLQFOFGbno,18226.17,40%
68,2024-01-24,ntwgFHceuIxHYZnINbYHmNAlVnzSOxArPpfLqsOf,6178.69,100%
69,2022-08-20,cQzTHSDaIdAVtULwHilUyipaQtmFVVMZRvaVMIvX,1752.48,100%
70,2022-08-29,bqjxTcxocfYUOyvPRUIaRjvdsBWKxqqlrqUlkCXt,83141.71,40%
71,2024-08-20,WeKBOEGbRszXRZqSXFbheUCSSICMTuJZxCFBxfnO,13024.92,40%
72,2022-02-14,qpBEtOhbyvoTrcdKGlgDfImfldintrdHUHVOhuSe,86200.88,40%
73,2021-08-09,oYwbcRmRszZurGwffVudxDXNavZxOtXporONKfWg,82546.4,20%
74,2022-04-21,kwfxZMToIXrGEWawoDkFlWPUnTwAIjFGEbukBcGM,39043.27,100%
75,2024-01-23,daTTkYZDpXQPNnWubGkwholgEqpITzVnGAvonQFY,54705.06,100%
76,2023-08-14,GjWLdpEXANIkEeposbvYjzAmgcABalyIoHoxcGbX,28299.56,20%
77,2025-12-15,ClWGgEgfSmZVxjLAFLnFVmHORwcNSIrQkHLRevoE,8278.66,20%
78,2022-09-26,vfNRlHnCvLTJaTXRkKmkBnDWDlNvWbEqgehDPvQs,11406.49,40%
79,2022-01-31,IgaDDiIEMZhkdditPOimlkdlyHrhzhXNRCAjvDXw,88801.64,40%
80,2022-03-20,ZeIgteVBWGKNchrcmKlcRGeGuCXOFeuWpirziocA,71926.93,20%
81,2022-06-19,mNkAuUZvDDViNIWCaPChNqkaPZIWnGCzwLqktWDk,8700.11,20%
82,2021-09-24,fTnpwaruaXtsowWFAaLYMRmRpOKGnZXQyHIpUAni,62254.53,40%
83,2025-06-07,AecYeMZyDZlJpACOvPOeeUNqdfRyxMlTeDfrNBXg,1445.28,20%
84,2025-08-23,EfjterSTmQCcCcIwjCmDiSCqUZGdsqmhAuEPPhqa,97160.64,20%
85,2020-04-24,buOBlvwoTjiMmnIukBVaaVolIPXtgaXlKEkLmPhW,35563.14,100%
86,2021-10-17,BGMECPYVphAYeFqfDdooVkECCEtKqnyQAyztOnvS,94302.09,20%
87,2022-10-13,MtmFkLCnZxCPcvjXNtLnyiyhePCQMGSAxysJFjBJ,19353.63,40%
88,2020-12-28,zIbPIBSZwswAvTZMAWcVjEofxhXvbxMaJxnvSyRZ,85937.75,20%
89,2025-01-28,aSVwxsSCwEehEZgrDDhDlGgUsyFOGDtitVEgsvfO,85075.89,20%
90,2020-01-22,BFNymPrAqlYExRWVEaftKkvnRjuZfMKqWcQYwtwE,32321.79,100%
91,2025-02-09,WaQkwxdZTXnNEeHRUpbQQwxiCwmKTFDnOayxfujd,10100.23,20%
92,2021-04-02,rcKBsNkGfCqGICHREWHgPhTqORcDFJnpIegGPyoK,90652.77,100%
93,2020-02-29,nKqyxBmpqkWGmEfuutxNObBJHURUWPvWkccNIkeJ,38399.39,100%
94,2023-08-13,omlbZXowUfddqSBkncUZyagwrupFXwwxyfgztRQV,3906.37,20%
95,2021-04-13,BmBxkQmLmzksMgHSPdgomYHTqzNTscEoLqzXrpFt,58963.6,20%
96,2024-03-29,fNYXGoPJslpXaVCUZTllpillCKYUdclhtrhfCcnw,24804.31,40%
97,2019-06-29,nMMEfHKuFWsBEgmMkIJHHXylijnPbIxwJZXJvSKS,96648.71,40%
98,2019-08-28,GJJQlkCOSfsxIILQvKHwyxofMuLtVvLJVXrKNBSX,53476.37,40%
99,2022-10-16,hTitXwUAyecZrgYReBWQWsxowaacuwETGgQErCNy,340.44,20%
100,2020-07-16,GfPjLWArXmBEPdUnNBKHcjCqjnKGRNvmQRqTXCsm,71537.76,40%
101,2024-05-19,GKCStOvYXwzVHSZKxrYCLaSGGBIYcGmKoiGlCGPq,23121.76,20%
102,2024-06-02,wzJwTNoQpnoYLrDYmMZRMXDwYPSOLbMgHNDqjiwX,90154.57,20%
103,2022-08-04,TFGNJgrmtXoUMStgvUrqcBTEgLaegJHvENgQVJAL,30409.82,40%
104,2022-08-02,lwNZWcNSafgRRgAuOZanebAnhFEhgPxYznuuVeFn,7277.61,20%
105,2025-05-05,ZVwoAbPJtcyuSnTjxvyKdzycOzaQurKHKjTriaAq,85043.39,40%
106,2026-01-05,ytZZqFNGwznKTfMmogQBohjqFmbYVVUdvBUFGgsB,16841.92,20%
107,2023-09-29,jbQMmHINOkNAntrFFTIpVMTuzioPiGaKOHDKQbFd,87433.38,100%
108,2022-07-27,KEvUknCVNKlEWLVpsFkyrgLZRWsHPAIYTIvbhedI,94041.58,100%
109,2025-04-28,keMtnYLasyeMPCulOZwjwzRGsXlHTwpieWindodZ,97036.77,20%
110,2021-11-02,sxTALDjDTAvcZkDRjnwveKMQGTwpkJLeOnbUqrgj,76364.18,100%
111,2022-01-02,XLQniTBLtmPezTsLuBIgcGrLuxaJFTqcJRLTXion,7287.56,100%
112,2024-05-08,ACqSefygkjGVDOmAwPMZljZDPcXxqSjpZUQXJkqh,63268.22,40%
113,2023-08-05,eHbgGOkAyYUjnFrtKUmHbHwJrQWvqZeEdJJeEGnT,57823.53,100%
114,2020-04-12,XTHqyvNzUwMCtJJKqpLrJboQkuDNZKeaQQGXUYDu,83130.42,20%
115,2020-08-27,tSZvaMOPBaKEfaBmuwMnlXAewAYhjTxzLyXiQCTm,36425.71,20%
116,2019-08-21,FQcDMCIWTAKHyHniQUVJDZITvBJuRGBECOWADmhS,39613.45,100%
117,2022-11-16,MbOIzygjYSiBuBaKTFjRRZkkSCyZccpuWfjWcDpk,59802.71,40%
118,2022-06-15,wJJhFATJOpBIpJwPUZzDjStHrXjJXeOrTMLfHERL,45219.27,20%
119,2025-06-03,BtsLKoIPQvQetyHGXcdBWhgonSZdxjkewZaarDcY,51157.67,100%
120,2022-03-03,giMFSelJbePbCeXYzjMwxyyzKSymSqrmevoVfuiX,53758.89,20%
121,2023-01-27,ERFgibmTtPvccyWSQRzsUdJJoxrsGkkyBzThinaF,62485.25,40%
122,2021-05-27,jvxKhsouYUzmUZvjRadNitkpFncXYVpWHivluvcp,24156.79,40%
123,2022-12-17,tQKpFZAFVUcdqxbhQLwxPLEhyPjcgBlFfLslfjkJ,19744.74,40%
124,2025-09-02,EFqFIDeTNsbmYqVXBIegONKpVEmkFPFUvMxXrOfB,54160.15,40%
125,2022-11-02,ErjTzygNdCHNhfWCGDYWkiHxHWLneAIHWdFmaFAC,30638.73,40%
126,2022-10-04,VRWKuJPOPmKVCziZzfVwoNvHwxjHkjanXXvkNKAq,67704.29,100%
127,2022-02-27,sYuCaAdNJcXoEjSoFYtqhXPjztCNVLVuVFeynYwu,26736.87,40%
128,2023-02-01,pbLsTWFpZuebQdCLObpyvVixPycukjoaCiBikMjR,97492.21,40%
129,2025-08-17,YVtRcXKyAOTobHKNCYJoppHukrbMwceHmMpiTalS,94628.35,20%
130,2021-07-05,YoaFAUWVOJTuDKTVkHMYOPHTrStcRgIxrWryDLzJ,28241.41,40%
131,2025-01-09,hIfgrSdaPwyBoBhkPWAooCTPzQATgbCHgLcyGQBw,70477.77,20%
132,2023-08-12,tMJnLUdvEgroPtrfdDoHUvnUGBYhnyuuWMtxBwsv,83992.75,40%
133,2023-06-04,mGxtfvUPJHDRSgZNJrFzsMXTeyJgXfchzzQJIJSZ,84328.5,40%
134,2025-01-19,ILCRXAsqSktnfVscqhLQzYAvQFJbSdjqmRkkBDyV,68273.38,40%
135,2025-08-16,kFqKXgyXZbvjBMXJYcfhUZPLoQZdlaSSrADOknBo,1901.69,40%
136,2022-07-04,GbWQGPfDTVijMYHMKBPlCohAHnaYiGWMtnDItYIq,70430.92,20%
137,2024-11-15,rihXlBPVCKtSDPdcerqeqvfJVwySynADOkvoYxqh,82167.77,100%
138,2023-11-27,dPddYMFfLgRtpsETsJSCeBFACooRDcfvZVsiDRck,1899.15,100%
139,2025-03-20,QinyjskssBbDEtBnqYuJMPmObkuvqzgTAICjXvGJ,55057.39,20%
140,2019-07-29,opEnsgmhxWgZZdgCHqHZQvDIRkpSEZfrBpbOXzaZ,21057.53,40%
141,2020-10-09,mrmvuFtSeqEOiPrfwFechmiIxujkXndGvnMkaXOg,52933.42,100%
142,2020-04-05,omNnaDMSmAQaALNnDDhvyjNuuOxrKFFjSwqpHtDj,55107.76,20%
143,2021-09-28,xCvXUpRsxwLAfzRZLzASeQyVeaittiAjeeteZxPN,56496.27,100%
144,2022-07-18,HDOiNEintEWGoxbJxZTouqHsfHZVOxIkKLhPdypk,13650.78,40%
145,2020-09-17,mDAniYMMVqRtgBYpjbPjWwdUNOEIjIAVykbtJMdE,64876.97,20%
146,2024-11-26,BlzaNfOPkJPAHICyUFwghEbOPpgDjxtUXCPAOWsO,24572.14,100%
147,2024-05-10,fzLjQjJrTmVzYsBJxwkdCzxYSHWgjhOQfbOPWABC,35116.74,20%
148,2026-02-23,IzZHbsXRqJoQYazbgfHGhmnbiGRCdYSrhrfvPPfi,61445.86,40%
149,2022-12-18,SweFiDvbabMolPjcdWfXYrtEMpAbPTmAxUqsEwGj,23157.11,40%
150,2022-08-04,IGOPTuJsnbbigeIiSLvLiWQQQhZWkWxxHQOUSJFZ,22931.21,40%
151,2021-09-20,ahGurgZWqumpwCuFCcDWucUamjQyrIrCoQubPFEF,43742.17,100%
152,2023-12-22,mFjaKOMafwFrKCTMePwRWyCUsnoyVivmDMMaXOZx,77328.99,40%
153,2025-11-22,XvuvLusZrHpeBwKJhqumUXhLCJjlvdaCKEJxAEKi,27953.84,20%
154,2024-08-08,YcxnKXmqNoiYUJDOoDJtfKZytXPzpYxqYqnAUSAw,12188.51,40%
155,2024-07-11,XoPKOrNfAmFQdgBMPZuDmxtlKpVWAQEErdiUSqJo,12059.09,20%
156,2020-07-10,idKEwLdtFdbHugrCreNBRaIhlDdCsPbNnVxCsIFD,34653.54,20%
157,2019-08-10,VMBKbDugoTmqIyzkArYMxfnTZdcxHfJfGJQxmAmK,80197.35,20%
158,2020-07-08,LlTFMFzSMBetvhHzyHXWjElKnBASVZuaAhxMEOhR,50210.66,20%
159,2021-08-03,XcBEnzDVQlqONEgyzRtuyPUGLSWGbWPWEWTrxVbH,23051.1,40%
160,2023-11-29,ttqxDnPqflxywbErREmKSCHpsAWvGYjpnyHgYJSG,32342.99,40%
161,2021-04-27,mQJNbcWRPxJlKWeDsZgzQGYMYNhwlOXDXCjRlnEj,37501.48,40%
162,2022-10-25,bADAOeXEBimpQgZWuLITKoqEopeGRotrENPuPAXN,29923.59,20%
163,2019-10-31,GKheseeoNHEjGOnQajwzEWzZlwzthDyFDGnfgoxt,95249.01,40%
164,2022-02-26,ifTVIXKfbjWySkarhGGbSxweSUtowdXTIUeeDTRc,84004.61,40%
165,2021-07-22,TZOXJBInUwfEElNeMIEJTfSSEHoMCUQFRrrMaOjV,52834.99,20%
166,2025-01-23,eEGHzLyFqAAIQrgENEEXMilWUZJVfWtbiptaQLiB,85456.7,40%
167,2024-10-20,NKQgnwWIXnGfPBToZtuUCHTujvGshWKOVKrtGOLM,65528.32,40%
168,2020-04-02,ILTpVtXzgCRXYOqfZUkoQLtMVWgbzeHmiIndCnRa,32509.7,40%
169,2023-09-12,BtriwCXOlPqsknGQYEYUbeSAAsfMskNjuPrqbbda,27605.07,20%
170,2025-05-19,daTTkYZDpXQPNnWubGkwholgEqpITzVnGAvonQFY,66805.12,20%
171,2020-08-07,nSHsuvizmReeZQrmPKhTgFkWuyRcrTJqhXOmuBuR,342.88,20%
172,2025-10-13,nUYVLhXukGUDwfeloMNAmDGVhruznHVFtgdbkRCL,78417.97,20%
173,2021-02-06,ntcrVnGVgILyAqoKWHJnyyrQCLcnsdMjVKgEUaoz,46378.67,20%
174,2024-02-24,DxUfIIgpsDSSmrilRmqTtFnfsgBfHcgVGQIQSceC,39369.07,40%
175,2020-01-13,vetuBbWWiYYtrnOBZlxTsEJWwolXSGBEeHrxgCdy,5846.44,100%
176,2024-12-13,LlclprzZhctVBGAAXNQeZDoylqIgnxPwNoOVYmSW,16495.65,40%
177,2023-10-06,MadTwUlMxhvouVotORPjStyoDPzLXSRJeVfupkBl,93929.41,20%
178,2019-10-09,NkRsaRszpZzFJOAIVidJYuBVFCQBjvSCmJQyXYlu,3086.58,40%
179,2020-01-17,potIGFWGtkhudLxEBfzeohrwUpEeMaGjGQQxUtag,49206.6,40%
180,2025-11-10,hEqoysMBMhpticAZYtokDpzkkuwgVGuvNtqDwDZF,96236.35,100%
181,2021-05-12,UztcZUtVfMsrPxHBQsVvMtbbkSsGWroeAwhxpRSV,49334.03,20%
182,2022-08-09,HFCTiTaHYzNLtDLWXrCOYSNSgvnHLGecrtcQxZcD,44814.3,20%
183,2024-07-03,MYNIOuvcXGfOgNqxIVWQfvRIQYvonQqPJFBxbCcr,35998.23,100%
184,2020-02-17,ifIXsKegCoavgxeXsYcENFeKCMKtvDlyGHPxUrRu,10072.35,40%
185,2022-02-25,lkCSnKwmJPxhIdywchNkTUXlryrEbtgyJefNquRm,71316.26,20%
186,2024-03-18,QLntoQXjsLPdsrqsrNUJlLVhQFgbbpAPWNYymefi,11031.98,100%
187,2022-12-21,OoWmFUbipcGhAyOUDMobIsIhMlNTpXgTHqNkREae,20472.65,40%
188,2024-12-02,rRjBdUCTFQLTrJpKJQbwZiEBryWqWvWsCzEOVEbz,53334.46,40%
189,2023-08-18,VPeTGiCbHvhdxnOmQDwDckqdfxPQUpwOoootDvNy,11855.1,40%
190,2020-11-29,oYwbcRmRszZurGwffVudxDXNavZxOtXporONKfWg,98346.1,100%
191,2022-07-30,lVddaafVjIBaBahmEjTJGBjLjrPnrZiveAuzGimz,12338.49,20%
192,2022-07-08,NuzzAAEtTvkxATCWtrAvigjzsrJspIMZiEgJyMcx,46573.06,40%
193,2019-05-09,OLHCErARmklANQrYUpbCPEpjJFUFjqsKqowJMRTu,39952.25,40%
194,2025-05-08,XaBBYsmMJMoDcQHLnkYyKZbWDcbvRSmzMpWtwRBQ,81096.17,100%
195,2020-11-27,qQtkKxgqpxMaGtKMQZaYcJmFYHcSuEmxhYKJYXMM,97600.62,20%
196,2022-08-08,WYEtvDzQfZpdWcxjjiKLqvkHjxIbQqDjJcpExhgi,93937.67,20%
197,2025-04-29,aQnZhtpfgvEZRrgmdqTglttsyUyNXgLiUtGXsHmB,75125.37,100%
198,2025-03-30,eFrvJDdVJXzXjaLWfRjVqARgdWetYJaziGseHQPF,24789.39,20%
199,2020-10-22,XBGrrTrkNAVTmkjYkuLLkqHRHqWtBMVgLPjFlxTJ,70853.87,20%
200,2020-01-31,CbwzXXyjBSiJTKueKZOieGmtQhujDRnDiRhnjPqk,14169.4,20%
201,2025-06-04,JKXGXMmFQfDQDQusbeipYhTQhvNZeqfctqXeAfUt,73332.87,40%
202,2022-04-08,HxzQpYMWAqWkEulHoEcxrtQrlxnYiInMEevLAdAv,55157.15,40%
203,2020-04-20,wOnfmQbipftmiYdLKQWABraLieTiJQKFhycZKXLo,71317.68,20%
204,2025-02-12,wsdwsizSdVkKKDYhIAnWIZsnRpeuWoYGOyxHDfDZ,90703.07,20%
205,2020-02-01,FFgvjtYSyAQjUNAnttPyTOAjyPthqVtaMIcLODWz,98443.97,100%
206,2024-11-12,MduwSQseKHAArOpsWfNFWkpYENZeXpvIARStFOYa,29056.85,20%
207,2025-01-07,RZRLUnasNGDEDTAnFReCcEbRRNOzuJDNVUpKUNdT,31785.83,20%
208,2025-06-18,RRKCUJbiLemEsZYngbUZHwUKNFliAmSwEfGtTZMR,36796.15,100%
209,2023-10-07,yqRQhALgwbcVekvvLOzweqBnvnYPCGLyyoTrumQN,591.85,100%
210,2021-10-20,zxvpXJRqbxZjKwePZJfUfUfYrCihEXcDItkSOGuk,49309.44,20%
211,2022-11-02,sectTYwWESbRebxTAjgbmqtLHCoQldOOlXHBReCs,74577.03,20%
212,2020-12-25,YijYDZkVcWEqjUEenXbiTeiYMFzKflyjwUSeOTBN,60602.53,40%
213,2024-11-23,BzRZaHUaVxzKmyEPGpDIeBOLCKXckaSkPbWdqCYt,54872.87,40%
214,2019-12-09,pqKBYRdJSYPGGNFFQhFavvaYFlREmfgPxuJpzxLm,78313.12,20%
215,2019-08-12,whlXUjnRFyEluSnDaOzpYEjGDkQrNAwkYiwogMVD,44523.65,100%
216,2023-11-07,CCToOWPDaCraAxYsbgLSeVSpobXkyxUxXaylRIny,75161.19,100%
217,2020-10-17,IgaDDiIEMZhkdditPOimlkdlyHrhzhXNRCAjvDXw,89098.62,40%
218,2020-10-13,XvuAkKDhEZyJBrBkBqmuFcLrFmKKmjXwlzasHpbI,83020.3,100%
219,2023-05-10,QLkUusZqNItjHuorBiwFxfdzBqaHvpWaBpMLbSlS,6639.31,40%
220,2025-07-12,uPSEOQCaHSJkPZULawoAaZPXPoKihOentyQpPyrO,98685.46,100%
221,2021-01-02,eVQxNZJIFxrSZNVavZlkFYhjkelJjiBSVAvRWjLi,22383.32,100%
222,2020-06-25,ikfPyWLXdINJhAENcnRzjNqyKHyPtLrwJVwVCFpP,65665.35,100%
223,2025-05-11,vznCoSvshGqAgeGkAnqStyjJXAXOViltncMVzEvk,25012.86,100%
224,2020-04-25,FGhagXmldwXXaVMDtZwqliIRxfSJMcoeuGrSTYxk,90247.26,20%
225,2025-08-12,DeUljcUjEMhnSHJLHKQoNurNledHxORSsuwwogKj,86703.51,20%
226,2025-05-20,gSKtaKFuhkZUXzHQsIGBmEUZfcXnXOFjPnqQxpnc,7882.79,100%
227,2021-02-23,BJTdcMjEhNZnlfVuJZXkBbgKgofWbWojKFanNujb,57450.8,40%
228,2024-10-29,DgyxjGgUPWBroqSnNtOkRZPvVhuUezFbMrGSgINe,78724.74,20%
229,2023-06-19,HykiSOSwcnQOLTyDMKIwhqvEoCCHphZNwdINGUUp,61713.46,100%
230,2024-02-25,svpFZGVcLnQymgZmITXGoPpXOfaUgkwEttPwSska,22269.18,100%
231,2021-05-06,gMvhcjjBQLTYmyyBshRLviXfIvHZGQTymbgnUqjf,17657.88,40%
232,2021-01-12,oLXXGPpYYfxBbPTpUEChQbgSqhyRhQaovnBcjwBK,6126.13,100%
233,2021-07-23,oafPYfptstlgJpVllQdEatJOfCrNbQROewOpMtzi,37942.02,40%
234,2025-04-26,vgxzwNcIrptbLNSpwwzqgobnuFAPomJFfmBBJbYi,90340.49,40%
235,2019-04-11,TQRokyBlFcrNnLjOYTNiQksGPszEyfrZRBXAshkM,76172.74,20%
236,2020-04-06,sPvWeLaiWXGtjCkdYKiaYplQDkBBTCerHeAwUuCW,81097.1,100%
237,2022-02-23,ERSZcALUwZYowKNqNjhkyvUaFYGAZwuDRsOyruIi,49709.5,100%
238,2020-09-14,XXDVMafUcUJXtuzySZUTBaZnDKabwbKRyZsNHpxu,87942.03,20%
239,2022-09-17,eAwzIReCLdynVbMipLRxPsgZUeuvSrfyzwsKbxku,86531.69,20%
240,2019-12-21,fEWVSdvMDIYJEEaOPUZVaHvRXCqbQLlpYhqshQCA,61088.32,20%
241,2019-06-03,bckiVRQNhoxDSVHqoXMnMppWuEWlLenjHCtwygND,87226.54,20%
242,2020-02-27,anzuSxknnwwufTPNmNmeIjfpvhxektXjXJAVLRvO,40373.94,100%
243,2024-01-05,oYwbcRmRszZurGwffVudxDXNavZxOtXporONKfWg,13030.43,40%
244,2023-06-21,YpOlvqBtlOaqOmckKNFMQnuREgyIIXqxhqsNrrOB,23692.61,100%
245,2023-01-27,cdYIkSFXGisRJhiyQDgTbDvGnVVjOpZFPCXSvypN,79566.84,40%
246,2024-12-10,NwNSBDWgEVtgBDTznoFDIqMZrjQSToppfVlACUWx,6892.37,100%
247,2019-04-05,ikIDdpvBXeKhsLISAQwhCphBYIrNjNhxzlrNXwoA,76893.14,20%
248,2019-12-27,LHYCJSTDjDtXunOKizxQYsmqzXKkHUDjyfviNdaL,38702.06,100%
249,2024-01-03,xnhOPXAJsSbVCzcJrKAFNXsAoVuYalVrLNqdHtju,96688.74,20%
250,2023-06-04,LgBjhJlSIHqKtAqtPTdihTVuJKNHqNedyqyiFOXx,69320.5,100%
251,2023-06-20,cXDPFgfcInNXsVZzGWmvdqzhIbZFbarQzzksKTDu,80645.62,100%
252,2019-09-12,IVdXNNyqNpwrWUKJuDIVFVKUzSWFfYccQimGgqvf,24329.88,20%
253,2022-01-17,ihjyTaxxAKsyUJjVeCZqMZgRmCWoHTulLqnLiSPO,914.63,20%
254,2024-12-20,CDTyLRHdkqAffMCiqKSICEMZfjItKaZQCkWosijD,37642.44,40%
255,2020-06-30,oFFVSpRnhCpncUETxRRMNNHTJbGyyVMLwhKypFIj,83027.35,100%
256,2023-03-30,epjYneptHpaDEUOYESYGxkjZCtDpOegIQxNRjBJR,73185.13,20%
257,2024-01-08,KuKxKROsVBDyknYXfkISeyHNOAdScvCwIoswESqR,77226.85,40%
258,2023-04-03,cTnjOfYgxxhqCaJqVmHmXrtKmiZLMIVtlpABBXVt,47671.63,20%
259,2019-10-19,XthierOPWaPvRvmMahQZIbcxWwFGqzblEVSgOfsq,76772.19,20%
260,2021-10-20,LQStpqAFkZyBaTvtTnrBsejdzpWzPxTTyEAHoelN,43336.23,100%
261,2020-03-27,QKaguRTfwlsZZbqOxIVvFLVwDWcEILyJDrtWxQqk,62326.65,20%
262,2023-02-16,UhydEZulscKXIscRfXoqVmvPnqwXflPojIoZcKNB,63137.75,100%
263,2020-11-01,gDNvRHuHzSZgxDWtjBXjMrwLrbKsmkVZKDMHuBPE,74147.76,20%
264,2024-06-05,OhFzLonRwvpRIUkIIeusGxwfEwiNEsVNmaOudxMl,65316.74,100%
265,2019-10-07,tcYxtxnAEATctoqtecpyKObTqWEgCDKkrCJOzdeS,71898.35,100%
266,2023-08-13,xzfhpwqlpjDxGNrmaxCWUsOtzcEUDUCjGwgDSDKw,36247.64,100%
267,2022-06-01,OadikrIobZhiCacjrYTrFIlrClCpOpVhMlrhjqLD,75545.33,40%
268,2022-08-08,QbHAKgvmgXyADBhwYxPRMqwrizUupgcZVripBVnS,35036.9,100%
269,2021-12-30,XxECVtHqefyEyYHbRpWGjySRitdgINIcmjwxQiaO,30395.09,100%
270,2022-05-19,zKDJRmLutYbiDIcwuEhJKLirvpTlddekgLjSLxCf,50357.68,100%
271,2020-12-07,SIhGArGGujsnluHKpQpNiGnsBcHKPvRpRGQyxnGS,32627.8,40%
272,2022-03-22,pqpSMorCgkBdrIYDjkOcOmclyrKIDXYhXOBVqdHx,72579.77,40%
273,2024-04-04,AtcRQjdJuZMehwNFQWPOXYMCoTNSaufayeoXIxZS,46407.27,40%
274,2025-10-09,JdXOTceVOPucVQNkdVDHGuMzmjFzyBDyrbHPPqXz,30059.66,100%
275,2023-09-07,jqZlOnAEbQQDcsNRGesLHFbYBewUfAfXldFPQWbo,31086.52,100%
276,2019-10-01,meWSggqchounkEaqAJjEBAvjCeiDaZPgMhdkQGHV,71953.89,100%
277,2023-12-15,naODopRrQOyzYnlCcAkSYagfUlFXJpUQiGqpYvPl,11422.2,100%
278,2024-09-29,STNzKqqOXcexBfKGmrpQhmqXeoDRAGzazIsfudMw,58400.02,40%
279,2019-11-20,YMginNeXgkjKPtGXKvIDvrIvimkcGmMHeAqNGMTw,3567.81,40%
280,2020-01-25,dvNMALbAHauRflHgvVLUyzDZcXGFMUNVLxbrTRFG,50388.93,20%
281,2022-02-21,HUCqCLdKnqAumRTzQZvcupEuoCMzYIhkoiemUOqR,24598.37,20%
282,2020-06-23,aaJOwNzAILvzwGLKSSaeBxPAMmXynbXcYUjTKrCq,88904.61,20%
283,2024-09-22,LnHReaAPhxgMjTSoONVyvwzrYcehdilUwjBJEfzl,9665.99,40%
284,2020-08-05,VFmOtSHzWTPZfNmeOdIPCtejIpesHNwizyOSMZxT,52981.59,100%
285,2024-01-27,vtssEwmRLmDUqBtmoylThDYjIvUEbUUBeQjUevQc,68919.8,40%
286,2024-08-31,gjsTjKpNeXEQECzBnkpbtFdybtUJDZstIdeatopy,25033.89,100%
287,2020-06-11,xcBNUCEkfIvSBiulVrULLJDjWmJiwbGEVFdOQgOp,15963.05,100%
288,2022-10-09,BhjMuJDjYxvRikVmnDmLQxBhBhZUTiaLDgjRaHbw,42512.22,40%
289,2021-12-09,RPBzIbCcuVmpiWPVqxatAiVdxmpGVOIVGLtYtiaK,23730.37,40%
290,2023-03-28,jlUrJiRcAVsaXCMSWSlERYTwFLoUeMKpXCUjjlAF,53656.69,40%
291,2022-02-16,TiflAsEqHZvKmBGiaxEwuyEgjQXITeiGhRKsvZoo,63413.35,20%
292,2025-02-24,gKzoNUPIlPETJkCcBYWorItinpmnlRnWAdemUCrL,2646.95,40%
293,2024-02-16,lGuMQZrzwUGVDtQTjYxVNsgkIBVEoiMJTFrjLmXn,90359.35,40%
294,2019-07-30,SmmaeOiIaANYwDpsxXxcHumdVUAngXoSOIGQCpzb,19977.12,20%
295,2020-11-22,ZzLkDGWgddMbkaVMlpNtgPacjlJcYQIJRoSRjMAt,36298.01,40%
296,2024-12-03,ndIuOZhzCrszrEBloTyZxXfpbslpwjjrXoOWtHSl,33852.01,100%
297,2025-05-23,bXepuaKGHVITscWrbMzXIvVKftifyvGrqGHkvRBP,16956.32,20%
298,2021-11-09,KHxopWmgGaivlQYVOKIiGciVuWesNEqBANNnxkrE,37502.17,40%
299,2020-10-15,FvCVFSQDddxrMzqKXCOlSvwtuSTucKSAsSVmQeml,64252.23,40%
300,2019-08-06,bNbkxesrqGLKXGeTkIdFdXwXuBCllXSVIdSGNDSJ,42718.7,40%
301,2023-02-13,LbMrusASCChNQYEtBKDxCWeamfVSVKIrXxRTfQAG,57171.55,40%
302,2021-02-06,GNYvSGdIqqZnVcOWuPAdCMjnKBQCvApkALGNsTmI,80845.52,40%
303,2023-12-22,XTHqyvNzUwMCtJJKqpLrJboQkuDNZKeaQQGXUYDu,1990.04,100%
304,2025-05-22,rJoqHXjPPhaqkNuuAIduseJGChtjGnvsBkGSUXyH,836.18,40%
305,2024-05-11,rsbKgKrhnkbWLwpEHgMYBJBcVkdDIGfOgLwKJMBR,55038.94,20%
306,2024-01-04,fjUtOeVrVmXntKJGPwgjGzhSVcmxsvRkLrIAiOXH,48572.83,40%
307,2025-07-09,cgNhVmLTcpkprKgjbInGdAJGdbzImFGlCzNmnUZD,98008.13,20%
308,2022-07-16,ProxQjLspgWRRuSbynNLDGFcMLaOTcpNvgjPDLnX,77499.7,20%
309,2025-03-31,xxcKJUfeYqhIbhglgfChjOBAFjcYoXXqIGGpqcMv,23238.58,40%
310,2022-10-05,xpSpnUxcMXqlyTfooPzBVrfQsvTSYOImxDfZkKLh,27546.67,20%
311,2026-01-01,nKsxBhSZhZnmbTPaLBHCHnnmrcPnJXPRjWDIumTi,67541.63,100%
312,2021-04-21,tqklVsHJhmbfjGQuGlZtbluYZbiXuoYJkABjkpPr,77945.07,40%
313,2025-08-09,KKbvFwhXbOXITLHbCuZuaXqqTInaBExkVfJYDtuP,95565.46,20%
314,2023-08-19,xUItQCamMOwNMSYNlBWalmWCDLkZLQKszuOfwJFN,55137.6,40%
315,2020-04-05,vDkMgRHBSQvQCBFBfWcvbHSBORgGpHlQoyGwfYva,3839.68,100%
316,2023-02-27,rgMimCgsQufZYwVEDRnZAUoFaMZHeVrUYxDBNBwT,22765.52,40%
317,2020-03-06,IXcqbgsUxRgWBfqtFaegtdjswlGIypxuGPxfkOuP,48280.55,20%
318,2024-02-23,bbJghNttdkKIUZxVPDCqhfocWPPytnqUomcaEZRk,50002.71,100%
319,2024-03-29,CATnHwOTbAlPYjoHtSGTNdWqzJOUlfEVeJSKHSbj,20167.2,100%
320,2022-01-27,PzsWnkGAvmueTvWhoRyWVZLwFNEnZqHvOAFNcdzD,35957.9,20%
321,2024-08-01,azVPySaNlFVSTbruWXgaRkJgLqqQDcFyTNOdJVfM,4708.05,100%
322,2021-01-02,UqqDUAHjVUFKQLsUPkOUkGbzRPAWpJrnBroTfqAm,66110.41,20%
323,2019-08-06,KaWXGdCxEQvdTnxPBfSzHutuoFkzEspSLlUOMwRI,39873.64,100%
324,2020-02-27,mOPuJdwQtGLSjTNRTgrulZRqsFgoMIfsNcmdMhcl,30388.7,40%
325,2025-05-16,GRNUYVcUgfBOcScrbaETpcPOXoRbhgeESIZOZQua,50694.16,100%
326,2024-07-04,VMBKbDugoTmqIyzkArYMxfnTZdcxHfJfGJQxmAmK,52814.71,20%
327,2024-07-08,ILmGGDyVnyfEvfUAtQsgDRHySsSJVAoOFdovzzFk,53271.58,100%
328,2025-06-05,NnGopkQuKebSvlqySUNYaNMeHXwWfHRdldOsgyZE,95915.0,40%
329,2026-01-11,hFFMVLamQxquXkrmriTyVoaPKATcTSGaDzkSdAlO,79769.05,40%
330,2022-05-29,YMginNeXgkjKPtGXKvIDvrIvimkcGmMHeAqNGMTw,66457.0,20%
331,2022-01-01,gxejlmkohBSpFfdOtOJZEQnscAACFVkceHxToHDi,46039.58,40%
332,2022-10-12,pAFrdolhpkflSolUnZrrEmVbcBRJCDvgQsYbfHbF,20085.82,100%
333,2020-07-20,gPeBGHTAuBgBESpEUGwhgyhQmDnTBktZcKrJseHY,72295.35,100%
334,2026-01-23,rXgWIPZynJXKMCgGqnlamkKxAWopgSwWGAiQnVeW,32462.84,20%
335,2021-01-05,JyUrHqFvHMXuBUGcvgElKRsBaTkRUmYJmIJycKDZ,22637.51,40%
336,2023-12-30,YVgZKePBXTgWFeBBUKnSLfKGseCwZBAUfBuobPPG,43014.27,40%
337,2021-12-14,dEkuZdlKqyeUeeTmGnmSLZMqOUcGjZnBrnjbatse,67690.13,40%
338,2022-12-18,GbWQGPfDTVijMYHMKBPlCohAHnaYiGWMtnDItYIq,68334.91,100%
339,2025-11-23,vZtxLcjUtjLgCMutgseEitAdrESKBPqmVUCrIfsN,30533.73,20%
340,2024-05-17,bOlmxAjiKwdxglNYALUKTNbyJVDCsEDtRJGjlRoY,98319.93,40%
341,2020-09-10,PxvIemYUvmYxQZaQKVCxQezllSQTKyxNAPprIgdj,34996.28,20%
342,2020-06-21,QtQNfVPfRGEqcYfponnzRZWJXUCJfoFflkihosUe,55749.79,100%
343,2024-12-21,CiZfczLpnUMvzAoeNIJYCEXUsnciUWCQRSnYUTFi,7849.63,40%
344,2023-09-04,TAQzrJPnGNVZUCLBTFDNdNsLKvnrvIXIUrtVZOYb,63610.6,20%
345,2023-12-31,qyngXsdtsjzSDFgEUloeHUrdVpdrKJDsubmuzoMd,91987.26,40%
346,2024-09-19,mkABUFcDwBGeeLNIIUDeoNFYWsMHbKzYzBPzyTXn,47928.65,100%
347,2020-05-24,xSFIePbPjVritcBIMKcTAmuKtNUjTYbIIxzsjKFT,48202.22,40%
348,2019-10-21,VPMGMOyYNgLXuCIDFABKkNBiUTYAnOxmgrvQKzjF,8839.26,40%
349,2020-08-24,CDTyLRHdkqAffMCiqKSICEMZfjItKaZQCkWosijD,5565.77,100%
350,2023-11-02,RrcOeLehqhKKSCDnOciFHTdQiNjSyPNXdbXKkibp,99592.65,40%
351,2019-09-28,CxQBtbMBfBGRMZurQeQaQgcLoaXgzQBSxumZGGtj,73597.72,40%
352,2024-05-05,GBrKFEPWKvfkcZoGJToBnKtbUEiNCoVZSwpDPbij,72761.15,20%
353,2021-07-19,nQgyMHUJUvwuusfcZRnaykQAfhIOhUvEoZjXDWzY,26921.37,100%
354,2019-04-09,vqMxlHHfVtqEsEjFLyMZWtpwCukotsdKizdsgoPg,21918.4,20%
355,2022-08-19,OaHgWewOvrsVBSWfgqGowDulKFAserhFteFSQjWX,97372.14,100%
356,2021-06-13,UGBzqXdCAUDQAvsWVFrJzBatwSeHykRfqHKmThbU,53201.74,100%
357,2021-01-17,lQuUvlIhPMlUcgJqjoNtiThLwPKuTmDfSPqGbeij,76523.46,100%
358,2021-02-27,aQdeqJEOknOOLDFzoRhiWnhRNlgDaVovyUrOEXNR,32879.51,100%
359,2024-07-22,vNSAgAgnKjyhmoVpdEEiTqucrLwSBdVKMTfsIEXJ,19848.0,20%
360,2019-06-27,AOgmqNBPLoAxzTAiAIVTZAsSZNUMYEWRpuOhtkry,17873.68,20%
361,2020-07-12,hJUtBUioVJSoTSpJtDPsmBQulXGnBVMqxFEWVtsu,89190.5,40%
362,2019-12-27,rVyOIvsZmsGjItGpshOebZyjzjXHmlhqKvNKPzwD,1511.21,40%
363,2023-11-09,rswXywuPTvUuiIkGvnjRZavMBvnQZTYjQaXMfrIo,348.15,40%
364,2020-01-26,xvwHqHdmNiimzEQbRTNoEVwQDUywUcgSPouMVgtD,64034.4,100%
365,2021-01-08,EcdTKwdbUJsUeXnCliPoGgZCdohWdtztBcYsvHbZ,30505.97,20%
366,2025-09-25,dyvSWAVgqvFNeUabdnDXPWKaocAyfgNlsUUQvfzd,15420.12,100%
367,2024-11-20,hArFVwZSSkWBPRnoktsWrnJftTraCuelGJhRMxWi,64036.33,40%
368,2019-07-30,saffOiZtAjAygOtXjhGJghhGxijbklaJgmfanQIA,53945.48,40%
369,2023-07-29,ALuNJHcNCuKuCyIlKBYBMeHDRITkHGsLblWFPcTR,17593.11,20%
370,2025-04-14,FQwVeNKSEpoNnusHeaxblPGhZAdYyNGvaYuGYuaf,75115.92,20%
371,2020-09-22,VqFYCXbRDtwtYwBFVWJjtjPjvqlqIuWLWrBxiyIU,57790.74,40%
372,2022-04-29,JXuKOjOQhzqJTiYbdFAopQNqjWpPIFcQTfuXEluy,42489.32,40%
373,2021-06-10,eEiqVukeBUomOAOPQfOCahHYTvfxCLOiCZyRZkGj,86752.42,20%
374,2025-08-23,PtBBHTyEnetyyOLgGklJbwcHUdGyCLjMcAfSYBTY,67556.83,20%
375,2025-08-11,QiniKLokJzwhgQitFTNmTbOxIRpgReZcEYeOHARW,32186.86,40%
376,2024-04-04,wswRQcGpZEuJEvLcZoQmOqZaLNKOIJTfVkUAvwSu,89771.85,20%
377,2025-03-29,xVdEfoQpctOfTmztKxdJfUaIgOGxVIXjKEAxogRQ,70516.64,100%
378,2022-08-18,mHzJdbyilFykhwEZKvlGlGuNmXhLyKeMjmqyvKPk,7419.68,100%
379,2024-08-13,MGvFUfHhaSAWvHajWLeeDBOanGKLjsPgnCSuzaOQ,98152.88,20%
380,2020-06-16,FDTjQueQpMOvMZPTZYPOCMQybLwYkKMODJFYCbJO,63175.34,40%
381,2021-12-21,yLJNyNFMsiDaGTyVVmEdqxbwRQlIhcnLQzpBjZFY,35107.45,100%
382,2024-05-08,afyPHAbYHyjbWlfXpkYKIvGnnJnxnPHObuHwhXkI,8982.61,40%
383,2022-10-26,XtjcwHzXiSvXQGXSZkzprkcHxnPLKvLLbQemEjFJ,39989.46,100%
384,2024-03-13,uqlVKlaeLIgowLbJSpqumzYjrZPsqntzlJcjkZbV,3162.59,100%
385,2025-01-27,naTRqenSWABSuTezNmcwNfgXjoIjTqxVuiQqIziD,662.4,40%
386,2022-12-07,zJQgDhqrZHQyrMeZxcqFFzDlKShgiDqpIDaBUoyx,25335.47,20%
387,2024-01-11,CldPrrnurJLpACLYVEapDEjMgjyziMNRmBmkkeMr,51410.63,40%
388,2022-12-01,RjyqPbMATuisLfrcBMDBnFFkCbcJarartEkfcxCg,74451.87,100%
389,2024-12-12,CstVJSMhmxfpmUjfADtmdRxSbzcbcxNlvGXWffEJ,51673.56,20%
390,2021-06-08,mPLUpaDkHnYxYWHgHOCQoWIFNHWmPqABTuVxVoLa,28322.25,20%
391,2021-06-25,eBoHEWWPfwKfFXxuVHvcPpVNTuIXUzbmreEvtMjY,19760.18,40%
392,2026-02-15,abaIxXMQklgzaMNiSHiGksHLSESkluVuuJZVbFhI,6160.27,20%
393,2026-01-29,cZZGOlLNmkRQiyhURHKpwclEQqSuFpjSqgSMMScz,2119.18,20%
394,2021-11-22,UtEKibuEJJztzdWYuZfXzXSiRWOkWSZvCgsJtJYb,95876.3,100%
395,2021-06-05,chGkTSPShrwRKjMJEkhZOsgzsqYwSxIgIOvicuqA,63287.1,20%
396,2020-10-18,EgorESkDLzLWhDqBSUHVTmzcAefvXhKuiJEAOlnH,55559.02,20%
397,2024-04-24,KgNCFJWEQAkkviEoYNNJwqcWjRMHYKZebQPlvNWF,34200.78,20%
398,2020-05-19,gVpfWILcbPRRJZLxAjkfwvKoKWbYnUvzDXckWzTO,43992.16,100%
399,2021-04-07,GjhOPVfNIHUoNfUHnrgsdjmrrBZSdpLIPiLloiDP,64568.12,100%
400,2024-12-17,WLPCjQLnjGhSbqVXvemOEkBbSXGmKqLwHGhZzMYc,10565.07,20%
401,2021-05-11,rTDzBaxoozzVbOzJylYvdZvfJLioqiCNPTQfHZol,23190.2,40%
402,2022-09-03,eEwyzFKAYDvsmqwPqmnFBtqiMzMgdREYAaYmTNsJ,69004.56,40%
403,2021-08-04,czmAwXbDWbEGnfZvDLjexPQsnlUXouVsGyTGjJVM,94043.16,20%
404,2024-04-27,IfqAuRnGXoxPnGRzKOYmzApwXSxjTUhEsvlGrZIM,98014.68,20%
405,2022-07-16,KPNAYvGtHpkJnXEAvGFbjVgpiCJDpBqmUcxmgdCW,35575.34,40%
406,2021-08-30,DFXqrMXjZaHUYcgyqEQdiWHIXcRkdSprhLyqmrmJ,17759.51,100%
407,2020-04-21,WNxbFzUmUDJqWxhbjSBYlIanLqOHZiabixfWLWuc,31313.55,20%
408,2024-10-20,uqlVKlaeLIgowLbJSpqumzYjrZPsqntzlJcjkZbV,9542.75,40%
409,2021-04-25,pmqleIOycwUxZqwrMcnqOLDTtHcNPhWIdNQGsAup,49652.16,20%
410,2021-05-08,aRbyjPsmPkNIwgEatRPOehBFtTOqmBMGYhSLtgAI,11606.05,40%
411,2020-02-11,PFfnnqGYVWLLBYNEUwSGENtJrTyObqvNWKlpHBhB,12769.87,100%
412,2024-01-30,bYftwDQpuRurMxYjfjZokFsJszqtwtXmRZWonKhj,85289.63,20%
413,2019-11-19,DDzmhaUkBFOdfPaYujpsGWImfWpKsQyabmcOdNzZ,19635.56,20%
414,2023-01-21,DreKwEpgBHPfFDLDpCkpabIMOsFIiDXAUZhEfjng,77737.12,20%
415,2022-11-27,UhtuFIJBwDFJWiSlLJJbZlfrDfWenLWhNDigNqWn,22706.48,20%
416,2024-05-04,qNFmqlULAFzVYGvyTmyLlwabvtgdGfXMfbtcodkC,79863.59,20%
417,2021-11-15,DmczFOmqCWxXImlAXNWsOaFIoyXvvsKepeaOBCDA,63485.71,40%
418,2023-08-06,bITgvcMZxkuDJDWhUTYLHZjVhPJlqorbXhhWUZro,20889.88,100%
419,2020-11-23,GmTHOwOiztQOPesIbFDuLiUXLarsPtQxtnUQUKef,61280.24,40%
420,2026-02-15,EMBnPbsEAgRxigiCmZykgsbjIKXuxltWZrTIXRto,70443.72,40%
421,2025-11-26,bdGsxAvOANAbpqryxzVdNXaQRGmMeXmzYHaEEJTf,10862.15,40%
422,2019-12-07,HdluNncOoBVhMisBaVjQtIZXnxwhBaXTbGKjurfh,9671.85,20%
423,2022-12-04,fTnpwaruaXtsowWFAaLYMRmRpOKGnZXQyHIpUAni,47856.49,100%
424,2023-02-24,PZGeSdpPfhVTTSrYelpgUnFAbNxpIWecUswGnDMc,5917.43,40%
425,2022-10-27,wYyNhJubsIZqNSjZWFmkZKwqNnMEQkcSjQLWMUcE,19677.18,20%
426,2022-07-09,ctFCnbtXOLMlTQUUgREAVKHHLqfsWFtfmgVkBaGd,6544.76,20%
427,2022-10-13,GEcsXjNsXlDUMdLggjxupQoTkdDKvnhpzQOMdfjJ,42718.53,20%
428,2021-12-26,fEovSTOdJpfbpBYnZipvQMBxCaADFkRqffVMqKKW,91898.74,100%
429,2025-06-18,gbxSOMixfbyAYtatavkrjeEBddfsQZgHUEDvJZHp,69811.07,40%
430,2025-09-21,tffatbKmjwvsRiJtohmrOaoreSGFhjWvGxfmVHFJ,942.84,40%
431,2023-03-07,YAMxWwXrYjtYcBJlccvMFxFhpRhNZgvbXGFCySxW,40531.18,20%
432,2019-07-18,PsqowjaLmiADovlUtkNbToBXUaxeobwPWmffRFFP,76067.95,20%
433,2023-05-05,hoLHofALApVXvQGjipUBUpiOiWgqkLqUoiZTYqnI,73903.65,40%
434,2020-12-23,ETpEtKkgwBtzTeWyFukEEYxzgxGXTjBdXlPLooTl,58081.72,100%
435,2019-05-20,MloQPCaZsrfSMIqXdXgzCvVCwNPghDWddRehfafj,92500.1,40%
436,2019-07-24,cCkcFcgjoEelzcOhLiEfQlnYXesTZQlTrPiOLyRL,49666.31,100%
437,2023-03-12,bOlmxAjiKwdxglNYALUKTNbyJVDCsEDtRJGjlRoY,33614.32,40%
438,2020-09-07,xiOoUaFrOIejSasVYwUJMJQDkTeBMxZUYCPtkGlP,53841.79,20%
439,2023-12-07,QkmuZqxOrARWfXenhrTVFRMUemAUYkYHRXWWyRGr,63305.45,20%
440,2020-10-28,LvQkSOIUUUBiffXqkdSOIoQQactjRAUwyzGrADLf,40096.14,40%
441,2021-01-03,BUcbFohCmIdymoaYiKwczkahzGPmcWLqOPcCEmBW,27389.69,100%
442,2019-12-15,SyCVlUXHubhsYyawUmdAltupDrmYOhMwAWkEyCDt,40129.56,40%
443,2025-11-21,QfcMKWBmdZCGvZGYxHjoALUYtYCHPGVbgHGisCVg,33779.24,100%
444,2024-08-09,WiDeijitfzattLcQesHNKuwmGUTqMlCguwWDhNxu,72312.84,20%
445,2025-01-01,VRTJlvTERANsIryDRZZHksDecvJcGmvQLJjAGeYC,99496.42,100%
446,2025-02-14,DFXqrMXjZaHUYcgyqEQdiWHIXcRkdSprhLyqmrmJ,45670.4,100%
447,2019-09-21,buGtwAHLuncaaIypMvIeXCEtKyKgLPqpVWEMyuqb,93272.9,20%
448,2020-07-16,fEnVgjzXbiLXvcllHqrYSaJKZGsQKdnynoFANhmw,57459.83,20%
449,2021-05-04,JEQpeKSbGbgmRIiaUVwrlGZDUdopfcFtklGxqJWj,50370.05,100%
450,2021-10-10,eccrlXqxYPugEjWITyDEKzrwcdhMntTGAVhYWbPk,94735.9,100%
451,2021-08-09,PvzRSLoEuPAmxCOLPOVqEqRLLPccPgxrzPYcdoXo,60042.89,20%
452,2021-12-05,PbPJtgcjZWyOdsfLAqMWfIfSyMoCyzMvtfEEIsOJ,39555.42,40%
453,2022-08-24,iBJzTOnksdSBHSZwcWIgIJujlcyiyArihCXJmFHy,80622.94,100%
454,2022-03-22,aSVwxsSCwEehEZgrDDhDlGgUsyFOGDtitVEgsvfO,98184.37,100%
455,2020-06-28,VmmEeGloFtednfAUZsrhzJIBbIQbnxBtFSkoiJCF,49884.26,100%
456,2023-04-24,eQmoUXKoYTaWVJPIdMLCozBsVfNzWyNBEEABjbWf,68772.55,20%
457,2021-12-18,ekLHMrfeAJFlJdfKiclkNIrNEmnTfufuIhdxgTCC,42019.42,40%
458,2022-02-03,NIGdIcQetQlnQVARLkTQmiaxaONaicfXIolsKQYC,10574.48,40%
459,2021-07-09,DiFMLZQMsVsyfjtSaEayAZiKDrBHKylTbJghdZQS,89718.72,40%
460,2019-08-25,qoEVMhZySdtynMnHrGufNQeSeaRSzrHFSNwovZUP,64967.5,40%
461,2019-08-20,QsUZXCYAIEKbIKwQAETsIdPMNnrbUHZjXPqdWglf,88485.36,100%
462,2022-09-18,pShihhnTxDelKEGfDrLYfffxDKynaBSelkZyAjwG,20300.28,20%
463,2024-11-23,XAbbVIKtQLryIhnqIjjHUsqpBkypcBWyewEXZmbf,59992.97,100%
464,2025-11-16,HfvYHnGcLfXDtUqxCsGNURAhIQZJMsSJuzgKRZkc,18711.57,40%
465,2024-04-29,inuveEmdFWLGSRgzeWddHIYLJOTORGRzRlEbBmei,31862.56,20%
466,2023-09-24,CTLkJjDAVUuqPRaZgTXhoGysyeTRChpQDxFeQJYa,9374.74,100%
467,2020-07-04,OlAqzXnnGVBwndrTuAffVQtFWKlZuhtUOxxtLcUs,22384.66,20%
468,2019-04-22,XRFrALGhCxjjdpoojuxvgADxgbUcpRZFvOEIEhEF,10678.4,40%
469,2025-01-27,uTvBpkIrcSLilvPtrBQxFyPLdZLNJXwaOEaehewl,62515.78,20%
470,2020-07-13,MrFKHrXIoETxuhiIxEVuIJwsFjRUCUFPPMDjRBgX,26450.84,100%
471,2023-11-19,IRPnvwQwKPuOSAnbCZzUhBgEdWOoLoJbnXdIQIOx,27005.34,40%
472,2021-03-31,KPxrBJcsYPERUavzKqUcjIkvKBfvXNgwtPXrYyvK,82871.81,40%
473,2022-03-03,meWSggqchounkEaqAJjEBAvjCeiDaZPgMhdkQGHV,1217.9,40%
474,2025-01-24,SEkCJuKwmUFsLBUrXvyZaNdRfKbVsOpdSSHhaTjm,98066.45,40%
475,2019-09-06,GcJOAHxBGDAZioSACGohDwEgCYKAMKuILUaRvxXA,99127.66,20%
476,2022-04-15,cNJTLqLNzDtieeYANqcouQRwjZIMVYOYSYjelyGl,27216.69,40%
477,2024-07-03,TbYyrVookMgEHjUFiQkrYhYeCYpvoMDLLOYvpYPj,99621.88,100%
478,2025-05-09,UGtyMLCYAbwynHvHaThzXyMVQaMITNnjOXGEqMpQ,41852.3,20%
479,2022-12-09,GbWQGPfDTVijMYHMKBPlCohAHnaYiGWMtnDItYIq,73775.34,20%
480,2020-06-03,hIfguQCoGlNwoNlAqHRLNOReDRsifzEvhoSIYtCl,27102.96,40%
481,2019-05-13,xcBNUCEkfIvSBiulVrULLJDjWmJiwbGEVFdOQgOp,89984.1,20%
482,2019-03-13,khJYfpkFGOURIsAmChvwIXOCUnLEgeqNLXkXGoeR,38208.27,40%
483,2024-03-05,akFOTyCgvENfYVHVwuBAsBGdtFBhLMvSwHksaXVM,36746.19,20%
484,2025-09-05,PzLLOhlexlbHFqhAZbeYsrrVlslTkzDcUaVhNuag,3008.84,20%
485,2022-07-02,vgxzwNcIrptbLNSpwwzqgobnuFAPomJFfmBBJbYi,31328.15,100%
486,2025-03-05,WoljsguRlYRCOyAmhGlhGnErAaOSfNNYJGneBqpw,20634.5,40%
487,2021-08-01,hVYZSduYexBDNRXDfLduqOtsSHWjpcWpxzkNQgdw,65294.91,40%
488,2022-04-28,bUIijssbMYjwvTjpbLlZFymJfDsdxTsrIEINYIps,53932.35,100%
489,2021-04-07,CDMIPJDouIjIdHkMZbrHLkRBfEnUAyvqIiLiCind,81586.02,100%
490,2021-05-10,ksDoGCDOHvKXgUsxogwEMzPRcfHqGjTMnUcOkZnt,44748.47,20%
491,2021-04-02,hEqoysMBMhpticAZYtokDpzkkuwgVGuvNtqDwDZF,95268.51,100%
492,2020-10-10,WJsKppKMmxWwEubGIShdpPMjzuVKTpWnWLSzjJqJ,84462.4,20%
493,2025-11-20,sUuAaUaGjgIJCTpyUIKsntFZwaePWfkPuEblDEIO,48519.24,100%
494,2022-05-29,ryaYmymmbMIMGZimQMBJBbcBdnxRAgJtknyGCGnn,1632.26,40%
495,2025-07-10,vBjoQayWdToiLlzpTreovwHCmKwyNFTzFnPiPmdf,43411.12,20%
496,2022-01-09,jFkcPFLOEjypYCaLajiWtSyJwqpLrBARxNJhlckv,30234.42,100%
497,2024-09-01,GVyBuStiQTSouNhhJXvLxIRHJJFpSPnyUqYgITyu,90456.5,100%
498,2020-10-09,PWdKWYjwLBpXlFRpARRSarFEfleePUVKOtnPaiMU,74831.96,20%
499,2025-11-11,NdOgfrQvQooRqSaBaMFUXAGztSJcFRHorVaIeBsL,54105.57,100%
500,2025-05-31,lIofNkyyjJPJRtgJzmFuVzSLkXalmzTdAoKcTdlL,53014.89,20%
501,2019-11-26,xhrFLKcdhHbJdNKWGRERQxkbAHdTULZGbgGfupKY,18186.29,100%
502,2024-12-19,SwEubpIfKRfWUykBKyOivMKPTkCiwuJbdaJtODKQ,56289.41,40%
503,2025-12-11,LgBjhJlSIHqKtAqtPTdihTVuJKNHqNedyqyiFOXx,67071.17,20%
504,2024-08-31,tBsaHPBfPZdSAhxyDqkgGDberKHSbhPCQdEMYPKM,39363.77,20%
505,2023-02-17,pLPFYMVVViFMeecUCEruuvhBtRsIkuzjZtGefhJV,69339.36,20%
506,2024-08-17,mYTopRfGMfGCyoFITFZCMneFRGfyoxmQwdrbMXOJ,99759.78,40%
507,2022-05-22,fgODpwWwgCDKwXsMUGQeZjCXopbdbDEEfElayjGW,41223.95,100%
508,2023-06-02,yeuMAsdQsDlvSVadKlZqqikEFEeslIqNpxciuleE,55307.52,100%
509,2021-03-19,ijrKSLeQLZWCpQKnAENzhwkabTLMWUZtmZCuFlRO,83922.42,40%
510,2023-03-16,vPNoKytbquQqCjDDZIYUxfcwiqlSJyOVYSrToUHv,46158.86,20%
511,2025-04-13,LDdmLgDEVXexMWppfRvEKUTQLsgpSDoZMUKpQlxi,12502.43,20%
512,2021-01-08,LDdmLgDEVXexMWppfRvEKUTQLsgpSDoZMUKpQlxi,36998.9,20%
513,2023-05-16,kkRJYLiAVtHQpGutVsAeadcsgmBOoGwnwryzjAFk,35608.61,100%
514,2023-10-20,OCDeLzYFkRUSfVwlWuhhHlkIWSADpJzrpTZVplzO,16295.75,40%
515,2021-07-25,oFSsPniWYMrzUniuyVVTIPPayzwMZBhvcwmgxmKT,78278.66,40%
516,2022-02-02,TZpZAMwarINPTvMjvhwTEAOcOCESSRUQsPVPxyOA,90994.21,40%
517,2019-03-22,yOFcefjCvYkYYlYqWrrbSpBHjALvdtFwRWXaXKlS,37946.68,40%
518,2025-06-11,AxZVLyQzEoZzdWKeDCPCmlbAmsZcmoRFiZBialyr,31993.06,40%
519,2023-09-23,EidDrrtvoUqifXWbvNexcDMJeTpPnbLdodhIWPhG,87837.82,100%
520,2025-04-24,ADRXPDYzthkPbJGDJphqLzFTbKwvUfFjbFcxaBfi,57566.68,40%
521,2020-07-15,QzyQfNOIyBNpEzEHWUBsVaHkMupsOMlZptTBQwPv,77545.37,40%
522,2021-10-27,FctPoQLNNTAWMbGQofqlgQgMEydGXTVYIgKukbIO,35808.33,100%
523,2019-03-24,pUGMtHNFJASwUFoGAUedXZulMHNTFZAWaNqTUryh,42208.51,20%
524,2020-06-24,GBrKFEPWKvfkcZoGJToBnKtbUEiNCoVZSwpDPbij,95662.47,100%
525,2023-01-14,QRylWleythHdnxGEPfdysadmNIlhlFkakLSHVLNK,97458.99,20%
526,2023-03-21,CQUnqauxwWkRIjUYSuVsGclTEspijPGrFWrjyfOw,36097.68,100%
527,2019-04-12,alIKUmCuEfmGbnklunUTUnzcxCVSkXdSNFBwHKPB,2309.89,20%
528,2022-11-20,zadPEQxxWgyxnlpZPHVKjYDrcuioURmJAChPWzNl,36692.87,20%
529,2025-02-28,XNTCxkDDUsUAZfPmrwGIvlseBgiMSkbIrLPQOquZ,35218.7,20%
530,2025-05-26,ewEoyvSpbpoIpFpTCtcgNDtlEImZeGAizcHgLqwN,49928.55,40%
531,2022-12-21,bZyyPnHhphvxvlUWRARBAkwelxMEuTlYcGSlPQif,10175.62,40%
532,2020-07-06,twaTcCWjoxixfQQZFPNuimtaGXjBzFWtXQMcjEDU,35030.95,20%
533,2025-09-12,RtjQXDcYpqjApKuGjHRWdTxDSSbhNpyiecRAgVxe,31968.28,40%
534,2022-12-21,vlSDgOLQSkqSerjaAWDrzXfKKizsMxPdZRVOtKLs,61699.98,20%
535,2024-10-22,wPGpDcLXNxEmbvZIHnJvvItgHzGgqgqgEZiIXjYE,30490.75,40%
536,2023-05-25,IMdDBfxGnKcjlAMPcKyeGFfUFYjzdvXIxvNDcDDL,91727.92,100%
537,2022-07-08,DreKwEpgBHPfFDLDpCkpabIMOsFIiDXAUZhEfjng,76943.18,20%
538,2021-01-04,iAigLZZWguPCPUQLPgVJLQWxeMWFotTxlKGXNgYF,52734.75,20%
539,2021-02-15,gwTkoSjOHcYiPURZHvaseWpWyFcESTPVThJIfIGE,24731.26,40%
540,2019-12-04,uZACaaulqcNXSTlzuEjTdyKQeEUlfFUnwhPEtdXw,58191.75,20%
541,2022-12-29,AETPLIbREdpQjJXZaaXoqVnDleRCMyjkdpJeTBmX,60970.91,20%
542,2025-05-14,ktyUTqNRSHCXgeuYnSjTGcjogxAfYdZfsVxbrdjC,18275.28,100%
543,2022-07-06,mkaqliivXKFuGthfPBFQJlSZmFWwMRnFntfZYIAP,13323.08,100%
544,2025-12-03,wbpTZdJfMKwtISOjnowbOEdYpZmFChqlWFKWozYR,26988.4,20%
545,2022-08-18,JanZzgPWYxXWnmrftEGTKjspgyBghhbxmrOsSWJo,57513.34,100%
546,2025-05-04,LCxMJYgLloIuAKpdSshNTYTSRdopBJTybTJEDYyC,83761.92,20%
547,2019-04-10,YGLahmAMcNGRHvwACCbawNgbYJBGVIXGDVjzZOIl,9810.85,40%
548,2021-12-15,uVdGKCSwtSGhcdBnomFAwNOBmaqfiKgSHhgBcaRZ,6414.0,40%
549,2024-02-14,ETpEtKkgwBtzTeWyFukEEYxzgxGXTjBdXlPLooTl,33295.38,20%
550,2022-12-27,OExRmywTXdapvGvChdYHndyXhnJuaajAQNkPbDSs,54330.67,20%
551,2022-01-08,tBsaHPBfPZdSAhxyDqkgGDberKHSbhPCQdEMYPKM,50569.2,40%
552,2024-03-30,omlbZXowUfddqSBkncUZyagwrupFXwwxyfgztRQV,42444.62,100%
553,2023-09-05,YSnnWJIfncEPCdLdNtFzERzXjTUjPZxVATJRpyJF,63865.67,100%
554,2022-01-12,MiOAoCjcbHNxAkhMMONVxgtiCkelZDSdjvjRpFwU,53555.77,100%
555,2020-03-13,RrLEsstDioNEvkHpKcSYhrzjurzmtlAIgAGAqLxL,43474.68,100%
556,2022-12-22,eFIcJTcxeWGCjQOiIGLNMfANPisCoSPdyVIHhURU,40719.19,20%
557,2025-10-23,qJAKsvUqWVOrSHWJyHODXBVCLCvTenTlKSAjvLfR,95564.3,20%
558,2020-09-22,UzZnoTgIblpqNdkVElGdBFSiTiroKcQLTGbCWPOf,44916.7,20%
559,2025-06-05,oKoxHResCeLPArgtOtIAMeRHzuOlJrrLGinilcMP,97875.78,100%
560,2023-06-28,xGDMtvWqerkVaAOVQLRVqhjuJjxAdxqAwxOkfWKn,66337.31,40%
561,2024-08-27,djouRCUMJWuuvUEECizyMBOCMZnZOPlwveZquoaT,38104.98,40%
562,2020-06-01,zvHZLCIeaGNZJVpVdbPaaqbHnKsgJpPuqfvUtnmW,44814.52,100%
563,2023-07-07,fyZrRSeabGhmpKkSyZmoOsWziTqsbLyicBgmQRYh,74664.52,20%
564,2024-09-24,NwjldVkhMthbafedOKxOKjFJQGIfZvKYfnteacIM,74823.65,100%
565,2022-01-25,SGCeXyiykfxFCYcaqEBRMYBuGJjvtKQyyyLTkMus,95916.48,40%
566,2020-07-18,azyzZbRajpTMiOXZBydrFjxPGBQYyASgJunfWrox,60329.92,40%
567,2024-01-22,kAyjAqRjBhjrGFjbQFRWLgSujyLePRYBXPcCUZvp,90649.94,40%
568,2024-09-12,CFmQyRDnZvzviFGEmNGOoVWDZPXZZjiDXcwavnoK,21383.51,20%
569,2020-03-08,VxtCJbGUDxDUvuoIBDrLTEhbpRZroLAEpQtgEAMB,25066.41,20%
570,2020-05-03,rmqlFMuhbGMiEYcUyuGFEbixLUSgjPPLsqaZrDBM,16221.51,40%
571,2020-07-31,sWFTpVXNbHbYQwfiTkFoazYRfFJEQzxIEWgXmHeU,5933.7,100%
572,2025-08-21,WbxEZsxqjfKjuXADnNytchpJIiyKzfZpUBKksUCV,33671.37,20%
573,2024-03-02,aBWzQUQCzjgcPbzQucdnDoLwJyyqecmFCimTSjyN,60039.65,100%
574,2020-06-05,dXARBzxqnqEWCIrqUlFcWoLevtBTtdwKoVIIlYIn,93346.79,100%
575,2020-02-14,SzuCtMPYveJjwmDYuZkdrtmEwqpuGePRYGsorjGt,77584.64,40%
576,2022-08-06,OSNtQathykWEKKIxomxAOCwJZnsqkIUfPUsSBSLz,91049.79,100%
577,2026-02-19,BJIruAqdGwQQTrUsXVzXQBfhsTyJGpbWvUQBrzjI,38964.85,40%
578,2019-08-18,pUEHcbDSGpkGqkRVdecxCxzuOyMuQFvhahGfKzeV,52003.32,20%
579,2024-09-13,zwRipwoncJwfEWQCzMYhFhGCkqdLOmfmvdrdiuGF,97083.33,100%
580,2024-07-03,AeUvBtxfizocWXgvuvLMxNBEdNIITEjsXCXfTmwG,37761.67,40%
581,2023-01-09,wIoBoEZrJuAbwITjLazvrWwoyMMbbzxfjsmrBAyc,9204.7,20%
582,2022-08-05,rIWmrHPPnrKgoYyJCdKaYmIuJtEegEQgYzTuBFbE,69517.28,40%
583,2022-05-28,lZRJmqJaXIzCSaDmPzjwdyUdnwcNuIpZuTVyhoou,91574.67,20%
584,2023-03-08,iHltHMPGBxgSOiLOkaZUUkuvbLZlpIwvElBmnZjl,71779.28,100%
585,2024-05-19,XbfKmfEsudXUSUmHxysCFOupRTRckmFRLmtqeTjv,49324.98,40%
586,2025-01-29,TZpZAMwarINPTvMjvhwTEAOcOCESSRUQsPVPxyOA,60231.08,100%
587,2022-03-09,VlxhIuSMQphFxuFQlSVaDFIamCmDKgrIrlYMRuAN,79260.68,100%
588,2022-11-02,oRmmVayxIVLWnksAlJTzAIJBVUzoYfMXeLyXnPsf,94550.5,100%
589,2024-07-25,KUgYLwRrwzFWrTcXfmNwEDmqIbPlrtaeKFssbIuT,37363.9,20%
590,2024-06-25,PkYoIrnfFqkgkIrZsHYjJnQDVHHFZADwEnBgTpUO,73970.84,40%
591,2022-12-11,JCcqdbTrDSiknMKlnxqBZlUQpBNGYebkSmWpDBXM,61987.99,20%
592,2021-03-31,ivRgBQCZwcmOxQwQuoWeOStvFcsdeGCnqARDsmuV,8358.86,100%
593,2022-10-16,xcBNUCEkfIvSBiulVrULLJDjWmJiwbGEVFdOQgOp,77590.81,40%
594,2023-07-28,MTpbRCLlKdGeaLHycBrBNUBxKxNJjSGCEBlEgkPh,37935.18,100%
595,2024-03-08,nCxJsLUWbUUHvuOyeuAAwNEZkvImRberYbxHYDVj,12554.63,100%
596,2019-03-14,JqPzrpSIeTIPnTBqXaHKlKDCCanzOCLVyBsKxUEr,68182.48,40%
597,2022-02-01,KcCsZnNCgEYbeEVXjPKvipLaYfgBGhSlMuvXBkMb,67436.78,100%
598,2019-11-09,iuRGzlNSUzLHAPaRyCsBugHXAHhoTYddhGgzCsGT,5007.72,40%
599,2019-06-25,sYuCaAdNJcXoEjSoFYtqhXPjztCNVLVuVFeynYwu,81255.55,20%
600,2025-01-24,eFDbkWffghRhoFZZPmgQOenmRbpWrbnYAiZgUuBJ,38817.02,20%
601,2022-01-11,ZOoduzPEDdySQsPGWQbnAqubZCVkAXmWtGGxHuFa,19341.53,40%
602,2019-04-01,uAqpeMjfHLEIpwSkhYBcxBjUjFQZVRfvUoRlHmkG,47569.66,100%
603,2025-02-20,NOjlXliLerMZHbUmjOoNQZbYHUvauqXmIkumMrff,94195.04,20%
604,2022-09-09,RJKeEHpOAUixviOnVTDHVexiPOrReqEFqsFafHUL,77080.07,40%
605,2019-09-01,qahFGiRzfeUWlXfSnDazXZIZFYRsDAqXvMxronqj,56608.4,20%
606,2022-12-21,hMNbxLSWRcONcXqZltIgjZnDFAQFCUTfHophuYcl,20519.89,20%
607,2022-07-25,yBcPBxVDfxEYOOltlOWdZFgBdMUrNgBuxTfFYxHI,87741.32,40%
608,2020-12-26,fbiGdZBJcQKlUoQKVeSIKXKiEWWMOVLqPFqGqfHM,51826.75,40%
609,2024-12-31,UXrVhGjkgplYLnvMRZdnlYvZAbDAjhhnbmkcEbFF,17474.94,100%
610,2024-11-04,wUfgegqpyPzllsiPWwuOClDUeSgXdNKxMSCcXFxE,49916.15,100%
611,2021-09-09,AtcRQjdJuZMehwNFQWPOXYMCoTNSaufayeoXIxZS,34415.41,100%
612,2023-12-26,WprmFUHcXKDXiZoGtoglryOskWXtKVFCTZCjJmAE,60357.89,100%
613,2022-09-25,iNRUtHdVXcqpSbpbusOmnBMTYjhJGbJtxJlHrAxg,51935.66,100%
614,2023-07-04,PxzgehqtYFnQDCOvaVcQVzFgtNALrIjixjjwqhAC,29494.39,20%
615,2025-01-05,vjSkrIvuObKLaGUhqsdvRWHDPJiSWfsMqmgsUcja,84171.77,40%
616,2025-05-01,gtVKxYDpCLwCgiQiUvnNNjGOUfIXiIwsYAsobMFy,77578.68,100%
617,2020-08-28,ISyZRrtHdjGMkyyAQbekAhKAySLTdkfrGZByugHO,91946.55,100%
618,2024-03-09,fqYhQBaJOpPeMVTSFYgnhyuwXVnoybZhdyHMYGuD,19505.3,20%
619,2023-09-03,BzRZaHUaVxzKmyEPGpDIeBOLCKXckaSkPbWdqCYt,21996.92,40%
620,2024-04-17,FwelZmDsDThMFlRBzfAvBrrxJcqjvVLUMVBbKPhV,62848.45,100%
621,2023-04-09,OSSNFOUIxvDwkNpBAUkqRaTebXVGBNahbqyxnxfH,49961.45,40%
622,2022-03-15,JjFhIQEATNGpADpphfdjDOMpkkaXPlUtrpNEVUVB,25299.08,40%
623,2020-09-04,PvBtxnzGcDHmpFHtXqJQgMTpEUnSLPKQBFEnqrFM,77537.27,100%
624,2021-06-04,ZXAnCsvVJlspCyUdRjkfCfmoTyAsKMarIKIGGRcb,33834.2,20%
625,2024-08-12,NMczXmphLACPopGmpaMpmwlUZwaJakzeqQZcudcC,68608.41,100%
626,2024-11-06,MpUgTtROURfNSQNRlDnQnfQZUBHfHGmJbYqoAUOg,30411.06,40%
627,2022-05-01,DaxZQPeIXHSwbkEBNAbaDoopsbunvNlgwCiRYLgb,59178.73,40%
628,2026-02-23,UWMbsQNzuNYVEGKLNpdMGTHjtbuNOrDprAJZeggj,4529.4,100%
629,2021-08-07,JBDeFenDqcIMjzQtNYgRvynLhAoksDpzxmQIvVar,98627.91,40%
630,2025-05-16,ELnBvSzpnfaCNAXRaNZlHntgbwwixFVDsCdsLQNm,89008.56,40%
631,2022-12-23,LIgLGYPNQSZbYggYASrKaeXchPUsSySQxuGwNyIr,20041.98,20%
632,2022-10-26,vDPfXMwJkAHHHHidCGthcpUGCmmNzHuOHdespiXP,94119.24,20%
633,2025-08-06,vvCCuZMUFrlRUYhdjTzUxywCvkxyuBwUKoCZmqEC,85147.87,100%
634,2023-12-07,GBrKFEPWKvfkcZoGJToBnKtbUEiNCoVZSwpDPbij,6643.3,20%
635,2025-04-02,pbLsTWFpZuebQdCLObpyvVixPycukjoaCiBikMjR,73835.11,100%
636,2025-10-06,rcKBsNkGfCqGICHREWHgPhTqORcDFJnpIegGPyoK,61051.12,20%
637,2022-11-19,CuUlnTnSDpDlEDDdMPrPgogEGOwBjWUoGybMrQIl,91023.13,40%
638,2023-01-23,ytZZqFNGwznKTfMmogQBohjqFmbYVVUdvBUFGgsB,29456.67,20%
639,2019-03-25,LgBjhJlSIHqKtAqtPTdihTVuJKNHqNedyqyiFOXx,94392.8,40%
640,2019-03-13,KPNAYvGtHpkJnXEAvGFbjVgpiCJDpBqmUcxmgdCW,42718.11,100%
641,2025-09-25,GbWQGPfDTVijMYHMKBPlCohAHnaYiGWMtnDItYIq,1237.99,20%
642,2022-09-01,bsAeikLcYicYpOZbGQHuaWWHWRaNDliHiDAFmtiL,66366.41,40%
643,2023-03-08,uOwGsGcDClgpQnRWhxAdfTeDUHEyhcAkOsIXfaRo,99874.55,20%
644,2022-10-22,VkTlWqEiUuMTCfdTOZeBwrsLoctbuLRBVrkurutJ,9551.79,40%
645,2021-01-15,gkLxuPiqBHXGzMKOhYweUqqGMoJLkrDEiDSGENmJ,22903.24,40%
646,2020-12-05,XWzSVDcCFEKpTGUbrPwbLVUXoRBAfOCicRjVhykx,40993.08,100%
647,2025-02-06,EUHFupHZXVRSvwTOlbuHBOzDzBxbabcAJLFdsSFw,56489.35,40%
648,2024-06-06,KJJMwWCeFzeqnUMLQnWaCuHRgYjzSlDLanvbWIFm,23169.44,20%
649,2019-04-22,vGlitrivuEzaHgdrtRbMBlrbfmwWjFrrAbGclEAT,73277.91,20%
650,2023-09-03,ehXrLcvdZebiqDVpvRZGnnCmbQOWeySfFGAovDoI,72427.22,40%
651,2023-05-08,HIAYhjZuxZlwBLzsFGrZTDhFMIPKkZOaHIdpWztU,37839.22,100%
652,2019-04-17,gPeBGHTAuBgBESpEUGwhgyhQmDnTBktZcKrJseHY,77290.51,20%
653,2025-12-07,tFyeRvtEEOCiFFzAqAeRtuGpMrXKCLZKVZMimXOX,81308.2,20%
654,2020-03-20,GjhOPVfNIHUoNfUHnrgsdjmrrBZSdpLIPiLloiDP,59363.06,20%
655,2023-09-22,LmKTQmaNKYOGyGBibyTOYnoniHqotbMRPQGCfHFE,35325.07,40%
656,2023-07-29,hoFszJpCwnZkCYLwJbctQXSssynIolgkSfnZercz,82286.14,20%
657,2023-06-19,fksgBqENbHWCZXwiApjOzayhoXmWdJfpoQKIZPXB,3998.44,20%
658,2022-04-28,VBdgysQROrCSKbotXuxpuudbVhwEMRlTHOsbUwWX,97068.94,20%
659,2020-11-07,gPeBGHTAuBgBESpEUGwhgyhQmDnTBktZcKrJseHY,8732.54,40%
660,2024-09-16,gZaSKAQqaEDvPRjoIGUYANRdmtoViQUVNkdbBsvj,3223.92,40%
661,2026-02-20,LDLVnFjukuxIYFEyawbtnFEaDWtguGhIsgzTnLAW,74125.68,40%
662,2021-09-24,UWcUDQfzKaONkFBGxzvOVsnEXFSyeLaFDapaHDHS,83357.9,20%
663,2023-07-31,ruhSebwahChsUDjwWCjTHDAoSsTIiteTWwJESVpX,68822.04,100%
664,2020-11-17,kLqZCHfBCOQOPFqwMpdDkZoTwDFFsFIcqFjPoiMJ,30859.76,20%
665,2020-05-02,RkkWEShaPnEtjlGKMyMisxnUlkVRUYkinKkVvvYC,29632.95,40%
666,2019-09-18,paydDamwimyXRuCQUkbzxFDTneJbJqBKEFyEApqJ,71312.14,100%
667,2020-07-09,QGAzJAnlOFEAeAkaLALgNMaznlgKhJhcmCZKRItG,90319.94,20%
668,2025-09-13,GjWLdpEXANIkEeposbvYjzAmgcABalyIoHoxcGbX,13654.49,100%
669,2019-03-16,IYiqFZaDCPFqXHDWGpunBxKWILpplbNwUGMJaegZ,17366.46,100%
670,2026-01-07,dgTnEJAKtGBzdSeSupwygdSwKvMcRLGLFqUFkWUZ,81459.38,20%
671,2026-02-15,HUEsLoiDPaNMWsIQrsvaUsFiNnZllcjujeqayZew,33676.02,100%
672,2020-06-16,OarkOytEWoulLkBDnegIVDLsxuUuVAKWsUjGiJyI,74506.26,100%
673,2022-10-23,CiZfczLpnUMvzAoeNIJYCEXUsnciUWCQRSnYUTFi,56167.57,100%
674,2025-07-04,TBamNYkAKjiUWIFlRKkouVrCbcMlNeJTkURKFtbf,68788.18,20%
675,2019-11-14,sqzWKAoamZuQUpWFuxQXWsqQlTqirmkzShdwClgq,81224.05,40%
676,2022-05-28,fmibFTaOcPJKFQoVPcygZPaKuWcmQuVDFnUYQBur,49744.09,40%
677,2024-03-17,PMqGXrIzlHZrshOCIHVEvYudHrWBQitcLUoaNaZe,66996.52,40%
678,2026-02-23,RIAzjCYPyUDtxMFXUyvazcfAisEZCMnzJWneFpJy,83553.95,20%
679,2019-07-12,vCPKPoqApZaDOyJGWoUyRGjsRLXAHglqvpgDPjgM,46569.2,40%
680,2020-07-23,fhCXcNSWZDNTKcgYPptoFnVHQguruCUIOldPZFCk,99924.37,100%
681,2020-12-19,XEgvzLHCVbxkJYspJWlSoOyrreMfIFWagjILhFDc,58377.83,100%
682,2020-03-17,RZfPtFrxqaTTRhQzAEnZfljUyncZLdvSuyKeHfNi,9017.92,40%
683,2020-02-14,HeGSKAzCXGfVxqoJZnLNmKFXZwuDOaMOleLMoRvF,91497.64,20%
684,2021-06-01,ADUmasYVRNjwTwNvWDzuQEOBKWWGcKXYZTOPoJks,45056.08,40%
685,2024-03-07,sQrxUAMXPTawycieTyPeZfIRQzTfnQtzvhqZwhPp,51686.89,100%
686,2024-10-08,bvEHVZticgkCNSVbhYMINzHezyyIvNgFJLUIksCu,83013.59,40%
687,2021-07-29,RXaHRAeyvPyWOQKKnXVfHEYBjpQclPJUWMjORoWF,44744.21,40%
688,2023-05-18,lUAHaumVBtSGQcPEcWojYKSWGKVsMQkPkVIxNNAm,5717.51,40%
689,2021-12-02,NdwivyScoMRguMqmeBvZNPqNoClVqBJQgRXvDGOq,51414.33,20%
690,2021-07-11,vSmtdahBHBGVHNxIkrvBiquiQlOYLRhXdfHcfOOj,65791.59,20%
691,2026-01-10,QvgvCvDMXfJGboClemdkEDmfXKlcNZRVgjhhGQAJ,61435.49,20%
692,2024-11-18,VQdtwUXwbxyuFaUUIceXeyhJJHxdAxqcbgEtfQCg,54261.86,40%
693,2022-02-18,HfbAghewvwnxXHVcHINcsdcqNhluGtOTQJrhpoXI,47087.27,100%
694,2021-06-04,gXgKgNhehIoyGwXismUJbBhCUSkeuXrczczwGRAw,94537.35,100%
695,2023-02-17,amVUTsCPLmSfdIRXsKdoAUPaIHpCCWfYaVyZnFge,43969.01,100%
696,2023-08-22,vHJYfygzrXjnrSZhWAivztjqVstzxdYUlnaqyosd,84707.42,20%
697,2023-10-30,ynecIATQxwWKDtbfWixvhWKYWeyFfDKVfDUwrmAq,77269.34,40%
698,2025-05-11,ctcTAYedgBhdYixpbjbjgHcejtqHljPtCRSykuhD,19550.36,40%
699,2020-07-01,NPawoiILtzhXKkCRbgHBfmGlVXbmyalaXxiZnLKc,37515.18,40%
700,2021-12-26,vgxzwNcIrptbLNSpwwzqgobnuFAPomJFfmBBJbYi,88907.85,40%
701,2024-05-31,mLoaHXlkgCstteTeauwTaBfGhhGimZtmCoUrszlg,16320.27,100%
702,2023-06-21,kXbyYjXfekRmqlkFcUyVVxznnQNJRrySTpxREAeS,81945.17,40%
703,2023-12-28,RZRLUnasNGDEDTAnFReCcEbRRNOzuJDNVUpKUNdT,55390.39,20%
704,2023-06-28,XipNcNkZcTsQaNsAvJanZupkOWBKYXxzWlJmpWdN,85616.05,20%
705,2024-10-13,XvuAkKDhEZyJBrBkBqmuFcLrFmKKmjXwlzasHpbI,24221.5,100%
706,2024-11-15,jFkcPFLOEjypYCaLajiWtSyJwqpLrBARxNJhlckv,12340.92,100%
707,2023-07-30,BUDpoMNKxHQzfjQVDrOgVlpjcnFeyRDnGCdVDVuk,79689.26,40%
708,2023-03-21,MTMAceSNevqZmftcXbgJEVeejOZBZpKDdpmXzJvp,51462.98,100%
709,2022-06-10,sRfJDhGulxopmMpFyVobXWptjlmSYgkKBpjtIOoO,24089.35,100%
710,2020-08-17,JXuKOjOQhzqJTiYbdFAopQNqjWpPIFcQTfuXEluy,95299.95,40%
711,2026-02-02,NRGXKaltCVPdtObZRCGOHTgHFqEwkEmMzOqIieai,42683.87,40%
712,2020-09-21,hTyOVybEcsSwrSkkwZdPbxCYwXYslKvnmGxbmSCa,70994.77,20%
713,2021-08-05,tkGYWLYrdYeeblIIeivlASxvqKQEbLUcAQvyARSF,91700.15,40%
714,2019-08-05,WijpoIRSooyooTGRjBQpHeUULUQRNjAOozbwfAnH,71248.69,100%
715,2024-07-29,KPZXrzqlcNIPmVvuEryDBlqFpoPALNlIYZjnVwMG,18330.26,100%
716,2020-09-01,VOgPqLhLIJKojLTenbBJkCqnaNWJpSEyFIKcDnpm,6851.58,40%
717,2022-12-13,wGdlFVsrDxQlsQNOAVBVOPPxGafgfQjsVfCFyJLG,40577.89,20%
718,2022-11-06,AexyAYqyGgDsBTtkqmxLehnTMVurIwtTOzzMwzIF,93445.25,40%
719,2023-07-18,gwuPPhlhNribqluvEnLOrBKleaXUaMJwycUhEQJl,18569.37,100%
720,2021-01-11,xEEXdTpvqyXzfxOgphAzodimXDCRTqERgeoxtoTu,72088.79,100%
721,2021-09-04,CqRLMJkphpqQgBMbPOIDDAlgeSruQOqetZdsTTKE,31892.92,20%
722,2024-04-12,xZHGzPrlTboCcbYnXAvWIbQQkmhGrPksnmPSZaIg,60661.18,40%
723,2024-11-18,PUbSLBYvgReqFEDVxutgPPYjyArdfuNOwceTYdfs,50598.17,40%
724,2020-03-13,tCEpWsYvLrwmqgyKKkmXxCNkQFXEkKACkLZHWTmM,59338.61,100%
725,2020-12-11,OXiRULaQXzbEKSkTiqIxtXGHOTqhvbbOHOQGciPn,97866.25,100%
726,2025-04-06,dyvSWAVgqvFNeUabdnDXPWKaocAyfgNlsUUQvfzd,61058.42,40%
727,2023-12-09,qjWdYrmYoFFKEVXHXGpzgMuNrdyYWqOzwrdSZqMo,15831.99,100%
728,2021-05-04,cUoRBBsRVsuTZegiEFWvTqKjZFjoqgDKTKUnuIlZ,32986.7,40%
729,2020-07-27,cEvNSjNhogykUcTjcBUiNQjDezmPTFhlJWWPCiRT,19601.6,20%
730,2025-08-18,rJoqHXjPPhaqkNuuAIduseJGChtjGnvsBkGSUXyH,12156.22,40%
731,2019-04-27,oSFnUhGnrNLWxLczPmfaQBwdFAONkHBJyVVQLvTs,21997.5,40%
732,2021-06-26,EoQVnFWSjSecJYmftSicprYMLpaRrKNYfyfXBzHv,33334.01,40%
733,2022-02-09,qlDbwtRMzUhSUuogrxYXyojCJWJPkCaqFDzlzxXA,84324.69,100%
734,2020-12-08,NLJAKphzgUoSWcWwFzGmNZXEtcQqgpMrhVIPIdWF,19566.65,20%
735,2024-09-12,CvsvJRAOPvUoIFEydXYxLmiyywgPaZlpusCPvdyX,72132.15,20%
736,2022-04-10,PaELHoQBDcXLkLUnsxhCCYuNUYoiRFWftAJhxHTr,13708.62,20%
737,2020-06-16,HLLNTHFUYAWtogBsSTVlVIQJNYrVqKIKpwSjTFCW,67805.02,40%
738,2020-04-22,tXgPWGcFfClDEDyFAVChNJPNWPxHviSiZUVhYRhl,5643.11,20%
739,2020-07-31,XUXSRHXfiBNpSbkfRgqYmJzmzOkvmjlFZRJuEoXY,67305.23,40%
740,2019-09-15,NrqhAEmGcPdInyjboWqAgwjFfnSpAYbIRfoiqnqq,48894.29,20%
741,2025-01-28,RKGQxSnMScItOvpgqsaNvQkPMCebjoUdhJdUBIUT,45782.46,100%
742,2023-03-05,ljKEuIfMsXYdSSxbSBMLQQDklgNXbqDfRPNCpfNS,96679.5,20%
743,2024-02-20,JuGoLjiOyaHWSGpaHfNxDTvcgxOLRFyRuejzNDGc,54576.81,20%
744,2019-05-20,tJIeZObDhdfYIRkBjFaIBlPtYnEgUKPGnKfQbDpC,52303.24,40%
745,2025-06-22,UrlwzAkEWzJUXFWpjSAsfOMtcijiLgQXpQZclYJO,4459.42,40%
746,2021-03-31,uJsGzMPCFVqVDVcaTbmgllQALmUikdMSVLGzCWkX,9465.43,40%
747,2023-12-01,wyEjrJwXXiygbJMYHeJhDdIqGuuAKfVCsLezttKu,40129.52,40%
748,2024-02-27,RXaHRAeyvPyWOQKKnXVfHEYBjpQclPJUWMjORoWF,61952.62,100%
749,2024-05-15,CTUfDTBgOeJlVonZSCFiOAOUfhykbyOMxZnBiZKq,86793.8,100%
750,2026-02-09,tCEpWsYvLrwmqgyKKkmXxCNkQFXEkKACkLZHWTmM,55819.63,20%
751,2020-04-27,eRGHxpbGdHKAPeavzTQCHIDTamLetvfoRinDnuNv,40685.7,40%
752,2023-03-30,JfHjHuKtlXjSXozNRYNuryapipmuDacTyTHyUcVN,72705.87,100%
753,2025-10-22,csFEyVOSoEEicEquVLKtIPwPzvSKAEoLxOmvjFZG,72627.63,20%
754,2024-08-12,UOoztXZcMalgybpFLnsXaSxiJspjznJzwoHixyru,52680.79,20%
755,2020-05-07,eWdumGzzAGLSYLXhIuJWRKJycAZRpJknmdyFrbmo,42874.75,20%
756,2020-06-17,HJMbHmSaALTicFIHYNDNNSKheNYTygZSWtEERKLT,46269.18,40%
757,2025-02-26,UkTBLbSnALlVkPLrfsynYDqTzEAFIWBSWPbbNiZb,30421.57,40%
758,2021-08-24,QjHojfKDFhshohWVuOotQinoZNwjtwWZmfrWxkhm,67111.98,100%
759,2024-11-29,gxMmBPdbcewJbLKHdddhhtUGkNUDXJbXmDvIxAlm,32346.52,40%
760,2026-01-03,XOVIWEIPKExozVTUHYFbujrPEBmuECxeEKNsybHC,41709.0,40%
761,2019-08-30,VoeuUKbtgAFPaEmQGELDbskKqKZgUkXMpwbRUiiU,30605.96,20%
762,2025-07-21,ScbsjpzGyGMKXpLLYUCCXIBCzYWdZtKDyTAEigWv,63649.49,40%
763,2024-02-27,sRVdbBRiAcYWteWOzHGGxWrHtEQISGbmjGeOAbfs,27095.44,20%
764,2022-04-19,YFROwhbtnuQgRulJyWAnsXivNXHQccfixeSAsxsx,41961.03,20%
765,2022-04-06,ssngofUmPNUKikbWkjRYWakpAhRLyjPAZLKyaYza,62368.63,20%
766,2022-01-26,dkzNgSgUaOwFKhdijLVERXtnjSQnRUadoIlleiDp,96364.8,20%
767,2021-10-05,bqjxTcxocfYUOyvPRUIaRjvdsBWKxqqlrqUlkCXt,52319.74,100%
768,2020-05-03,OdFWEKbvjajfIwKfJGrKSTEqNVAlbsxbBCtQeAgH,80538.54,20%
769,2022-04-18,JGaqVmqyMYhjFPbzsOtgTdzylRCbInAliYilOOyt,97350.63,40%
770,2024-03-14,xUoLVraniRmAYnspaiJPsygftBXNheDOavbvelWI,97724.68,20%
771,2025-05-06,NJdXQMHqsLNVLWrNgPoXWOBTbQmmRZxyVgWHuFek,51254.98,40%
772,2024-01-29,ElaBJqCbQzCCOUCeEjRtVvUbziyTnNRqasPCTyEJ,1466.48,20%
773,2020-07-20,InozIHqRZGdQAPXBashEgTrMEAcrltQIjHmBVuTT,524.08,40%
774,2024-10-24,TFNNCjpPKOgerTeJFnVzXDnmEAEpyynNNDDyJaVE,98988.79,20%
775,2022-05-27,MesedRfYMnvBARmeRdZBjiKZabicJLGHdNaVjADL,1031.9,100%
776,2023-06-23,TmTxHgdnCsnRIQQhfnrLRAaHiBWPUebWriPfYWgA,14919.93,40%
777,2023-04-27,FsbfjYGtjqzazfEFinxEQCxjtcGkVbbtQHOIEjBA,28846.2,100%
778,2019-10-18,eEwyzFKAYDvsmqwPqmnFBtqiMzMgdREYAaYmTNsJ,73890.17,20%
779,2023-02-24,eaHFmqrrheNPkwHwIYzjOlHiwotrUaZCFGvXjRhz,81476.52,100%
780,2025-01-29,nPuTvtldeHWYNAgwUPovwgrOTdaPxRkbzKOyUVRT,54412.61,40%
781,2023-03-22,yBcPBxVDfxEYOOltlOWdZFgBdMUrNgBuxTfFYxHI,15011.08,20%
782,2020-01-08,rZLwAQeaHhirZudwqVNahanRkdgRXeFZFMBntSZv,53507.7,20%
783,2020-01-11,qnEappIPwWUqpFviccRLuzAgQbvCjZAtCYkPbdPG,38645.7,40%
784,2025-06-05,RgrtKAOxlPQPHSfbKVifOiKUZbYfunfxMlSRYgAL,35266.23,20%
785,2024-10-03,ynHYjBByezcXICVkimVEYWNMFXUQUXUOifCTegWm,55196.84,40%
786,2025-07-02,lYgePMKgWrSCSDwaiywomqpDUzvWNuvIvTnfsMOD,94638.24,100%
787,2025-10-01,DelRBZKWNezHxIUWOtnulopFIelRuEcnYXjJkmYC,2952.36,20%
788,2019-08-27,PSKqQChLhaVgFQMWKXgLYTxTajUhXjuxXyBjnJaG,76131.77,20%
789,2021-07-24,csFEyVOSoEEicEquVLKtIPwPzvSKAEoLxOmvjFZG,70243.09,20%
790,2022-11-19,EvEdBZoNmqMLpthkwpfchNFdCoqTcuSypphcZyEE,9087.29,100%
791,2025-02-13,vNZEdPHmjhmMNVTishzaNPyLvFFulLBkJpfOCAEs,61349.54,20%
792,2021-08-09,XZjDgegDHgLfFVFlkvSUommPhUxbmRRTwFnruYLO,70853.25,100%
793,2019-03-31,KYXolXDDPyelMMfRqpPMnRbZBhLjeCHzPfUsqEfQ,98705.74,40%
794,2025-08-29,SNpFrhKMJXYsKTyFlGHpMNVRxzJKlFEGntgBmqlK,99997.34,20%
795,2023-02-12,BSffMVoFHrbDyhkLHMinFdCQFBGVxdevnJVNuQGI,58190.04,40%
796,2025-10-18,zniuZHhpcPoNIWzdcVkdeDiZMGusLXHxgebeyJJJ,38859.45,100%
797,2026-02-10,dAQXmYqvZBBcWZlWBYjleUKuyPzavfhINCkDFAtt,69984.63,100%
798,2024-07-22,SuKNEYzGPDgNbTQGOaVtGSPkRJNRrSiRYYmPBtRw,44436.29,40%
799,2024-06-16,IIsBKihqOjbWsyjkSpiApaTkTESfOIAemFUYgdHz,51717.18,20%
800,2026-02-25,ZlzXIobsSrDhyHLeIhyKhdbuRmWNKikDVfhXKsyQ,3761.63,40%
801,2025-04-11,TmTxHgdnCsnRIQQhfnrLRAaHiBWPUebWriPfYWgA,46066.51,20%
802,2019-10-05,NwqdVmNymmcoCaSBsRWtBEaXtuWBhJkOjLCpuGrT,19694.88,40%
803,2020-11-27,ZGsAPRVLeedJJYOulRuIELItZWsaPkTPPNHfspAP,65409.87,100%
804,2023-01-15,nJbSYkchENvEpBjubWFflSFQaRRWcBZovOrNlRpI,74059.78,40%
805,2020-10-22,mnNRtzFOTmbWFgqrvBCxhSSkTudPVSgdFPTRYyhB,35548.55,40%
806,2019-07-16,YnPLqWUhjabqnabDLJgbcPxGwfOSmzSzdfzTrlLo,9742.02,20%
807,2025-01-02,mZUgvfkRJCGZDaKsdZGkFoCpjxZfaebEswItTQqx,994.04,40%
808,2022-07-23,GATnjJMIfIQTxElrnqeamJeHacfMXehVQFwABLiq,53778.23,40%
809,2025-04-08,jFkcPFLOEjypYCaLajiWtSyJwqpLrBARxNJhlckv,6285.04,20%
810,2022-01-03,cbvmYOGalYFyJWjJidzuQtYmLkoXCvqEBGDSunXv,98510.91,20%
811,2021-02-19,CmrRgUJQsMBtPsSQygfLBohdIimwMLKNdLakuSFx,21653.84,100%
812,2022-03-12,ryLucjXBzLFwNOFSJJjFPqvYKRGNRObzcsaaiVWP,38271.06,20%
813,2023-05-30,ByWmbCKQTKUNPubqbluDzNtdLNKAFeQzMqwEdxly,83582.5,40%
814,2025-11-24,yNCRgApbIYqWBUSZaKiWXUjNpyeNxQiHCfniEMab,73048.85,100%
815,2023-02-05,oyQxnPapqzooxCeigvjGHpOmepBRPDYsYqDrGziV,92877.11,100%
816,2020-08-19,MNUugLdAcEaSNtyvgvTQhwbpovGUCUFWVotxsGZx,24259.65,100%
817,2019-09-26,zjJoDrZCOaGDGIuarHPAlbFMouwngTMoAAZbTlFA,47021.46,100%
818,2023-02-21,rZLwAQeaHhirZudwqVNahanRkdgRXeFZFMBntSZv,29417.28,100%
819,2025-10-15,lNEIyBNWNfKBVAanXnFQTvwvwgbnoAxTBnofdehe,82462.75,20%
820,2020-01-16,wVOBDccvRUbubjYCuVxUtWDjgbsiyDWTijEjizxN,57970.31,100%
821,2025-06-04,ZPEEuACFFIKurJRdMuxXqTxgNIHDuSxaQrUhXgyV,43637.43,100%
822,2023-06-15,BhYtCVXJGprMgKazGfcbppguivEvDaSJmsTEKCAl,26392.36,100%
823,2022-10-06,NxnLmeHlZnoOQmjFSpbDxvrnJgNuFwvdrbSyOQbO,28886.68,100%
824,2022-10-24,qHdftBNNPvRUGNbcDPbqfjdBxzhABgAXWAihCZcr,89672.46,40%
825,2021-10-19,hOYaKACnYelnBKGgXXpvLOsMKBIBDlWbDdhVJYkt,97534.68,20%
826,2020-04-14,CeSJKKXQizrAsMaNkXwrSFXLvdqXUAIxnSUDLnDN,50960.87,40%
827,2022-06-01,gQYOYzdUvvXDHecnXbHAAyyQLgfaOAUQGnmwUWQF,98621.15,100%
828,2022-05-09,STXojoWUKWXDlTPLNyoVWiObNIekanqHngBICuXN,11398.67,100%
829,2020-08-08,ArYZODnSDjaQfauenmtgWWzmWUigSiIpoMmGKvTz,95150.95,20%
830,2025-09-09,VQdtwUXwbxyuFaUUIceXeyhJJHxdAxqcbgEtfQCg,35534.73,100%
831,2022-09-10,zulcixZMzfafuPXXjhHBBKypLVrVfMFepXIYXMaW,81067.52,20%
832,2020-12-23,NJJPCBNixAwPLWHWUMThlFQPSefApAbaubXtJzQt,60882.74,40%
833,2024-10-19,vznCoSvshGqAgeGkAnqStyjJXAXOViltncMVzEvk,48634.02,20%
834,2022-06-06,SiRehxcoLBzGNPzBRfuheNuKRYXzbOyzDGgvhXiB,50255.15,100%
835,2022-08-06,uKazEWAGCmOGvKMZDGXipfBbXlxDZNCKLVWnvSwM,57577.21,40%
836,2021-01-17,klqeitEYJLrKdrPWGOktlvsKmpRdtOFRJeKVLqrU,25791.56,20%
837,2024-04-27,FGhagXmldwXXaVMDtZwqliIRxfSJMcoeuGrSTYxk,19920.71,40%
838,2024-03-06,APjmFZXVikydeqPgzhRdKhidwAtuOlOztfITIskt,25137.98,40%
839,2024-03-12,hEwqQsXYewYMksogPoMgyDpgIFQOHdlXwYoNvKbu,71092.01,100%
840,2024-04-10,OcPcSsARSzldNhhcMvVYprqQbirZtsIeYZyZAYht,87495.94,40%
841,2021-09-10,sTpRzIuXzjuxPXmAtpxwuUtcrDMQMVbDCzwnzbDY,27324.63,100%
842,2023-10-18,dAIztRRGlvroQvsjbADDHKIwQaNZPaKmcmgGamvt,93420.23,100%
843,2020-12-04,DiQsbezLGFtodceYHLwzeouCVHtPijVUVYBmZgbc,42765.5,20%
844,2024-11-26,ZlIHetpvDOJInNdwCSImQmuDELGFNfRPwuqdkKKk,78707.71,20%
845,2021-08-18,eYZOnbXYWqnajIwXPVRBrYNKSYhmsfFWtKWmdkgu,59935.93,40%
846,2025-09-17,MiJSpcSZJznDqRtVuoJtoiLNIRzTpnPoWXdPUAxD,38468.97,40%
847,2021-01-24,gVQMnDNzVazSjukVqSRkimPdIpwdCckaCWtYgBLN,61056.32,100%
848,2020-01-31,XQULWAkxjOpWZcIPeeeroblsqqAlXUCCAyERIZRI,29809.18,20%
849,2019-10-05,GFmHCYSxtVJIXVUdGuPkrOdtnFvhbiYjreoONAyc,40105.07,20%
850,2023-05-22,RBPTatWdYtVRtRdNNjNKPWFsuqHgiUtczJhPTACP,81176.19,20%
851,2025-09-10,eHFBJwVrlwDOwLhVbomqGaoNCcgtTwWQPfOAnvVk,11548.36,40%
852,2021-05-09,UGMaJgTFMFPxtMHwnvwDEdTNcBEnWvJpzEjTUtSU,62787.75,20%
853,2025-12-31,zfRHjPnlwNKbqoklGdnrWTzHjKbNQJWzkCBOURCp,65731.75,100%
854,2023-12-02,GFYvAiuNeGHJPYOCPYhfQYgcoYxEBPaimQMiBJmm,30756.84,100%
855,2025-08-31,nfxWbUHQDJPBXrfCKRqNzTPVNyPNRemJQzeQvkBl,77984.33,20%
856,2024-12-12,NuUqwVHPftbUUetNORPdjFCKWGRZctUOuSkILemO,76590.01,40%
857,2022-12-27,PxzgehqtYFnQDCOvaVcQVzFgtNALrIjixjjwqhAC,13594.09,100%
858,2023-05-22,euRmFEamFSdcJJvFbOeugERyxfJfQVYKkyFuFrfI,78692.95,100%
859,2019-11-22,wEEIgZfrDiEAdyFffrnAALJulKMoWZtFxLiGIrEf,81275.53,20%
860,2019-03-22,JanZzgPWYxXWnmrftEGTKjspgyBghhbxmrOsSWJo,20835.63,20%
861,2022-04-15,NJdXQMHqsLNVLWrNgPoXWOBTbQmmRZxyVgWHuFek,34718.0,40%
862,2023-10-18,vOtAVdVWPtatlzvlUSzvXzoOcCluiUdikpKMMPoy,31065.44,40%
863,2021-09-15,VuexUjkVaGRQksVurkhGtwGZyvAvaNzdlSmKKFsV,54365.27,20%
864,2019-04-23,DjTMUGORmGhntFqYmbZPESMVZdHeCIqNvTLirlJu,14869.06,20%
865,2019-07-08,knRwPllbqqXhqpynXbKsUrTFjaKivvzNgcupOSUo,19875.44,40%
866,2019-04-27,ApZytOTVoxOlixStpobQffZUKsRWGAkZBIdrjzgc,66407.68,20%
867,2023-09-08,dcHBPIuQtOMtxSjxmrDqdvkshJnjPRmcucBMxqpp,58446.58,20%
868,2023-04-03,aLdxiGTRzvMOeOubWpMVByVJAFTGJZSpSoLGjcUn,52498.26,40%
869,2019-11-22,DuiLkKZUyIBvygEoTOIfqeTSydgNIfzhtjVAtJpf,94574.63,40%
870,2023-05-23,GUWUmpCuubvsTsTiVGUGfFAKFdYgmFLdZSahQjPs,21138.79,100%
871,2021-04-01,TslRKpkVynnqjBMnNkLukoumYhjtBAbgyFXdkXfJ,59481.35,100%
872,2024-09-21,EYhKOAjeYXwuyeqXLVBPLZWQaXEVqPQJsqOaNXrH,29774.39,40%
873,2022-02-13,ibLzAhnltXHsqgsVdcDWfPvehnIrbTChwSSRwnMh,26640.2,40%
874,2019-06-14,llKyXmSKfkDHvwWaRuVLDLxsOrBggYrZjKfamWAw,54643.7,40%
875,2022-01-17,WvtKbRrHXtnWfLeXxfBUizxvJjXLifMWkMQsXFDc,56258.73,40%
876,2023-12-30,JQJHEhftdIOOHTMIuhcTkwYfTjCWkFPWFfpRFhXr,53950.28,20%
877,2023-06-09,kxwBUdwqZGypmwyjamiGzpkZqcAJyEKCoiTUTLuL,83451.76,20%
878,2025-06-05,KwrwIwtDqaaFNkpfiMLZPpHziOZwcsbtLoSajiMd,35808.09,20%
879,2020-03-31,tiFNWOjGcvpXPyzysgFBkMvRyEilWErhMYgcRIxx,96792.25,40%
880,2021-01-29,aGBykePDRZGUqLwMzpEZCyqlvNbZvcdLwemhICfx,68729.33,20%
881,2025-05-11,ADUmasYVRNjwTwNvWDzuQEOBKWWGcKXYZTOPoJks,62049.17,100%
882,2024-05-28,lvmqpfByDNBJfnUkwAEqfnljciPMphdBbrmcApxR,31929.92,20%
883,2024-08-02,fksgBqENbHWCZXwiApjOzayhoXmWdJfpoQKIZPXB,79689.83,100%
884,2022-10-16,jFkcPFLOEjypYCaLajiWtSyJwqpLrBARxNJhlckv,71956.91,100%
885,2024-07-01,ggoyLVVsVXcRiZrWqgMobAeeHbmHtOPGaFrYtyFI,55719.41,100%
886,2022-06-05,TPpmMVgeoehyQJjPayKxxnAHHuSLiaxAlVjnXehD,27900.71,100%
887,2023-03-10,OqGPZFzNANgLIOaPuACTGniykpBPKleCsshIMzRV,27462.89,100%
888,2024-12-22,zoDCTYWIqKfZkIoDYebxdiJEqCSioPCblyWpGbeq,35738.07,40%
889,2026-01-08,pcmHbHPReLBWdzXiIkbmNswpfdOIliTzjhbyPimG,13108.65,40%
890,2020-05-20,TYXPVVfDwcUtjDiyDyjdjynBFczsgDSwIjWtXtep,19841.74,20%
891,2023-12-13,AsadwFQJWmytRVdgvceWZyYOpdDYxhAISNzHniju,87252.13,40%
892,2020-04-23,axANYQhuvBClaXHyxgZUZkVgYFdJhMfPAszSeRBx,71162.97,100%
893,2025-07-20,qQdFGwaQTNIUFYghZsOVktncHDTIUUmCfhKyrHNn,53167.39,100%
894,2019-10-12,BwKCNHifdVJPmThSSrYPDCUEWWUdzKnFJIMBhrqS,6914.77,40%
895,2023-05-16,oIRwSTKEtpRCeWbAMjwnsVWIqtWBCDBdFxkFOGJQ,95124.61,40%
896,2020-06-11,naTRqenSWABSuTezNmcwNfgXjoIjTqxVuiQqIziD,72766.9,40%
897,2021-12-02,yRjPlAnCaqfOUXiADsEAAQRhWACdzRHvtqIHjGyc,22361.21,40%
898,2023-06-18,JdXOTceVOPucVQNkdVDHGuMzmjFzyBDyrbHPPqXz,26840.04,20%
899,2025-01-14,DJeBvwHqvLKbqeeapXSdLhBHDkrvurRJZiMvERuO,85365.7,100%
900,2021-01-28,zIwLUkfOEvXvEtxqxeCmJZqHcjcErdpZlcXnqidW,23547.88,40%
901,2020-04-12,dmGZqDJdHSEOkwXKptuJTYqUszIYFZLXFcUiSrnR,42732.48,40%
902,2023-06-20,SzIibEymKjPmnzArNIVwewnCCIkgksqndsEvQWsv,48643.36,40%
903,2021-04-14,pqKBYRdJSYPGGNFFQhFavvaYFlREmfgPxuJpzxLm,88437.63,20%
904,2025-05-07,ROZOABWBZuiJPhGkauwjVubUOQXkcJfNmSeSYyfP,60921.49,20%
905,2023-11-16,gcVkXFabkmfdrkFYNizSwvAcKMhVZZHynRJasnwx,61684.97,100%
906,2025-12-14,HfmsPgyBZzMVCJrdwVQAKgCmNFtMSOrVBtJvoAEB,79172.42,40%
907,2026-02-12,ZPEEuACFFIKurJRdMuxXqTxgNIHDuSxaQrUhXgyV,65554.43,20%
908,2021-09-22,ewEoyvSpbpoIpFpTCtcgNDtlEImZeGAizcHgLqwN,19394.01,40%
909,2023-06-16,ANngijlbJKxfqEnOAXNxRbNYbaiCmqVaZywgxfQB,94074.56,20%
910,2025-08-04,xYRniEMaxAajtURaTjDPhJZzaZOtzFwEtoSEkDwk,3387.31,40%
911,2022-11-25,JLKAvuwJSVLTDIMGufrSXpEXesujUTqDFssPJWYm,63980.0,20%
912,2019-05-28,HLXbtDfGBiAZggnYFLJlNxDvtcLDfedrGnUSSmwh,81400.33,20%
913,2021-01-12,KAumoODCVVEdXcifpiFVVmADsgTQwrNCCRrCklvz,30261.6,100%
914,2019-06-25,oiBEtkVVRGPcmXpHUyORGUiZlNgUCDrBYYwUTgJJ,41957.9,40%
915,2022-05-26,PlODLVMbHxQVAZKHByFWEZTRDdoCMYPtyyIxheNz,66315.13,100%
916,2019-03-27,eOXupucSJhILRmJilnnNoLEVvzUeLTCtDnyolYyO,66688.74,40%
917,2022-07-29,pfwbmbcBkoRAohfcdfgQvCenhcKStVnhuGWWyDEs,32732.17,100%
918,2022-01-05,jintVDIoGhUInqEpcHPXJugViHGFTQoFDKqcGxFo,56576.96,40%
919,2019-06-12,JEcfaepNuxlGwgAPyumlTrHxjhoMbKltrRBbajKN,26801.01,100%
920,2021-08-19,plkNUDKZhrilBqsfdfVlcRrJeeBDHEhdEcshXQRR,44744.27,20%
921,2023-12-14,qgmMphuBNptbKoMnNNyrOcnMNaPRAVVNmKFGnUvq,48588.74,40%
922,2025-12-31,edoxcqZqwBrUzZVqRBeTsmNzUTGMISyYeBlwJjyY,72471.28,40%
923,2023-02-14,DDfgfKNFsOmmcjsFgKFsnqbzKSNvRANJROFLhAKM,58344.51,40%
924,2025-05-21,yLmnhgpQMQnsLlGdFipOHRxgdOUqzHXCpxbuiiHx,12507.0,20%
925,2022-02-27,idMlpLrPZPwkvwvICQEaDoTinGWNaPMmLNaUKPRK,70090.74,20%
926,2025-01-15,mMGcKVEAsyZdJOHloeFWfNLPajGbSesiOMoGIiyh,88787.25,40%
927,2025-07-31,XcxHbNoWXtQofjLLmVxqRWHmTBKFpfGBwmympLHh,93719.59,20%
928,2019-06-26,VIaeswJDuYDSaQSuxfysnBZehmJeUeIfYuweltDC,59789.54,100%
929,2024-04-25,KOFDKaKoYiINxHhDbcLiMfOmXoYFIjIZYyoyTBrt,4445.13,40%
930,2023-12-16,tCYldvlDioDTVJdGXmIcXXFXNnxtvThmwsEfDarq,40995.79,100%
931,2019-10-24,eizTkeCEwZPFhWLbGaHdUBdJbXOEIvscKyVpVBDh,90729.11,40%
932,2022-11-27,qjPsktfWCxeSbNMXaFMnynYfewKOmnSnMuxdHOGM,7482.02,100%
933,2021-09-13,GJJQlkCOSfsxIILQvKHwyxofMuLtVvLJVXrKNBSX,14853.9,20%
934,2026-02-16,bqjxTcxocfYUOyvPRUIaRjvdsBWKxqqlrqUlkCXt,87487.9,40%
935,2020-06-05,jBoeEeRXXjhFqJghVJSMHrhCAzUQLhwXoEiNdvpZ,44819.79,40%
936,2024-05-18,RaOspuBnPRCVVaSVEozErmQBcclxxnVzozenBsba,67912.88,100%
937,2023-08-10,gLpXGmpXDVKtvIPhpeJRBkLJXAftREMtDFlKzvwK,77078.92,20%
938,2023-04-01,PSEpBebaYWlCnQWuIEOXUplUQoRocMxSIrcJmTfs,97074.9,100%
939,2022-02-12,LgBjhJlSIHqKtAqtPTdihTVuJKNHqNedyqyiFOXx,17722.04,40%
940,2021-05-22,bCEBKnDWUXwFTLdPHgBdmvoLMzhgsIRZHxHdPRtV,21783.23,40%
941,2020-01-11,ssTENrTxJQubeThcDYtwbSWvpZbBaoTLaEBQHLSq,86948.65,40%
942,2021-09-20,wTZjzkwEqKrJDDQywNpzKBPUAHYqTDEWwUQcFFAl,41925.6,40%
943,2019-03-17,vSChsTDSrxikBPOqjgwnHRUqBecSyCqQmYaZcPLB,18686.81,100%
944,2025-06-17,GfPjLWArXmBEPdUnNBKHcjCqjnKGRNvmQRqTXCsm,61952.4,40%
945,2021-06-22,EmpHCthRLjWmMDqtrqLtYyUjLuWXCTDDrkaohxad,94768.65,20%
946,2020-05-03,DteXiXpHCoFDskrzubhdZjnpaxOPLMxDIUbuVWHP,33210.42,20%
947,2021-03-13,TdTFbzERZIRarnPQTgYuYZKtmxzPlFAyblELAuAp,35760.13,40%
948,2020-07-11,IQalIPMqaKxNxVtMGVWcwYiiGcRWkFGBqoKiJYzC,99603.98,40%
949,2019-12-12,amVUTsCPLmSfdIRXsKdoAUPaIHpCCWfYaVyZnFge,39624.67,100%
950,2023-06-09,QLntoQXjsLPdsrqsrNUJlLVhQFgbbpAPWNYymefi,85234.7,100%
951,2022-04-08,OXiRULaQXzbEKSkTiqIxtXGHOTqhvbbOHOQGciPn,1611.07,20%
952,2025-01-30,cSkFDPUyAqOXNwZRVVuaXyIJWYaKlivwsPiLptfe,76795.21,100%
953,2025-03-26,vNZEdPHmjhmMNVTishzaNPyLvFFulLBkJpfOCAEs,2552.34,100%
954,2024-02-12,OjsVNUTCpeHTIlexZboLBHgorgyJVtFarFhrbCvq,44778.38,100%
955,2021-10-13,jEzJednDnxxBixnGPEQnQwAYqVGqxEAyZXIkoETd,49449.69,40%
956,2025-07-20,hvuMCiJZjmDINHMYEfnLuFaQHaHMTuZlMWnRwXOS,79311.48,40%
957,2020-05-28,KDemhwzYCHgKZDRuddrNowevXTUvyZNdNMXXmiBc,53552.48,20%
958,2025-11-26,uTvBpkIrcSLilvPtrBQxFyPLdZLNJXwaOEaehewl,77218.38,40%
959,2025-12-06,nhHIreotinWfsdZUfCdNxRvdeqkGbJaDEcetptZx,78296.75,40%
960,2024-08-13,UUXOoXltkyvVwYeAOoqIuxCImNxRCFivOZHVCuqt,43854.86,40%
961,2023-09-13,gZluoQlMgkiwpikthWqtvwWhpHbbosYcZxUXSrvd,6746.99,20%
962,2023-12-06,bINkVkZhEkFEiMXdaeapwsSgtlAWxNRSYyWxiUtv,14062.96,20%
963,2021-08-12,AJkuvRXDYGxDvyRlGPyhMTrxQWHzCunlNGRsutQp,21210.41,40%
964,2021-09-06,rESMmsXUwBMgcurVQvIEGxvCRNFAmWHZdIKhJFUs,93456.07,20%
965,2021-03-16,jPYHcKMjHdMcCVEGyaaRZTrtBfvqTeOuuUHhBuiB,32180.86,40%
966,2019-09-21,CfQviXCDShigJoOVWFwqKBMRDSoDWNmUpTYLFOHm,75577.51,40%
967,2023-12-08,RPBzIbCcuVmpiWPVqxatAiVdxmpGVOIVGLtYtiaK,53833.63,40%
968,2020-07-04,MrFKHrXIoETxuhiIxEVuIJwsFjRUCUFPPMDjRBgX,30223.1,20%
969,2025-03-21,PvzRSLoEuPAmxCOLPOVqEqRLLPccPgxrzPYcdoXo,7829.64,40%
970,2024-09-08,oMFLfgQZjSZVNylvTDGAgGQZNLeEZkjYmKhceDkh,78579.37,100%
971,2022-02-14,PWloCmbGLGeQWYqdAcUIJQoBQceghlqnpbuMypKW,21546.26,100%
972,2024-09-10,glCwCLNsEjzAQoRWVusNncpuSDnGZPELgPKIYIIu,9771.94,40%
973,2020-08-27,xLQjrUyOwKdzuonUivRROBBNZZzqQmvYtJXQbhGx,94863.26,40%
974,2023-07-08,xkXbVGQzVrmtDVghKBQQFjEqIwXGDGngbtThCiyF,3045.92,20%
975,2024-01-29,vxhyLewmdBZeCvIXljyafvJssfiMHDXvlESkslcq,39839.1,20%
976,2022-04-19,JZGwJOPoDbpHjoWGaXzvykLZKcyGpfaTnPPHWDtb,7387.33,40%
977,2020-08-24,YaQxOncbuhEoQAaLtUIpCDNwbaOpWNRmEHFWHEAw,27216.19,20%
978,2024-07-12,wdEPkkUfMvKKKicIsdzqawcYiQlKjYRXbZYhQxvs,53935.52,20%
979,2025-03-10,bonIAsBjqJUkNYyGUrNIkgcRlapuwwMJflIkOonp,52341.9,100%
980,2025-03-22,zqILIdowBewHRnTaNjZtHrKoScrVyPZyRfcvVfZz,18425.26,100%
981,2019-07-26,fUyMNNOSgDgIQUrdHoKULSQaHinXcLbfwxJgrhHK,85912.65,20%
982,2025-02-23,uOOVEsnEbIZmekuEYyEjVctOgaVCNorQEPrdiUbu,23816.75,100%
983,2020-12-26,UwaPhzTiaRXIjDiiaYJWhfXDWANpKxQNojCgjBQZ,69696.27,40%
984,2020-03-17,fXFcxJCdbYgQyyamKtIyyDyuhjpbkmnQSwjUCfsc,21654.11,40%
985,2023-12-10,cvcNkefaCuoZeQyyaTBiderURNjavEHjdQBHGEFN,95156.38,20%
986,2022-10-20,bonIAsBjqJUkNYyGUrNIkgcRlapuwwMJflIkOonp,62760.12,40%
987,2022-07-18,cCkcFcgjoEelzcOhLiEfQlnYXesTZQlTrPiOLyRL,89655.69,100%
988,2022-09-08,JEIEwkRZUJoAkEGUhSzIEvKVKpyQlDWNOmbjUNOa,16048.58,100%
989,2023-06-05,KGFQHzaGcRCBHPONsUnGzvhKxWterBofgETrvGnN,69837.12,100%
990,2021-04-13,TOZuqSMRhfETbhisPElpKyZqyEWFgRHPXnPJUZaw,29881.07,100%
991,2020-10-17,ctcTAYedgBhdYixpbjbjgHcejtqHljPtCRSykuhD,88663.36,100%
992,2020-01-09,KixHcfsiHmcxhCUERkiTWlJoBenLjFoYlHqKCgXE,27353.4,20%
993,2023-10-22,GEcsXjNsXlDUMdLggjxupQoTkdDKvnhpzQOMdfjJ,76444.75,100%
994,2025-04-30,YxkNmgqbKgxmVphGADOgBRsExEtxOGsqcpWvaZKL,43918.15,40%
995,2019-12-25,rRmSQVJZteITUGBZZnVRIwDmFstgfAZhmpiGKLaZ,15815.78,20%
996,2021-10-30,cnzhbGDrNQHdLUgMtHbMWxgBrRkyIHLipOATirIB,49656.3,20%
997,2019-11-27,cQtKcuuMPOkAWdgIUxMLlVluYFIwFryewqPfWErZ,73823.36,20%
998,2023-11-26,ixbfvjByFHkWZQgoOofFXVTMxstqMUYxvvEoOUjR,10315.3,20%
999,2021-11-12,zojSAudQAaYiBbxZzwNXMZXXGcIOFTOPwxrKPRRA,68039.16,100%
