,npsp__Household_Account__c,npsp__MailingCity__c,npsp__MailingState__c
0,vJMgdzaHVRCDqRZNnYfAMVOKQjHANNkORriHGlSq,San Jose,California
1,KKCgdgQqrJkDPjZwzyqvVkSBsBNQfIbzRraEIWNt,Kansas City,Missouri
2,vlJTBaxdduwGCaHEkplAdrUsundXdKrPNbfjwFfD,Levittown,Pennsylvania
3,ndqCqRVmSqqygfiEdSqYNbmIqTcoCgRMxEmpPHKR,Rochester,New York
4,mjHUCnkxJLCWssVzIVOGexGaJLANgvmMsbbbFidT,Baltimore,Maryland
5,MUjkrvPomYKlBXCHFxNBXvIWrZwOKCmmYxegMteS,Tampa,Florida
6,IcjzARbfklFcHFbKtLLTCrpbxylQekbAmiRiIBGP,Houston,Texas
7,hUncnlZIgHUrPadmvOjGUncEvmhRTyzVQORZMuIt,Los Angeles,California
8,ViTmNHTNZoNyGiXVsbpRaCiskxlzhzHYnnptQSlP,Fort Wayne,Indiana
9,pGhwUOPEiqaajdsvmPpLLoryZqYOZNwoTzbLfOVC,Jamaica,New York
10,ujTRdGjggGJKRppDdsqFuEGskBGYhLhEMySJoZOO,Washington,District of Columbia
11,MGvqeCRFfXwVbLOaqiMflZIxfsvDhaFEWUYfLzkn,Fort Myers,Florida
12,qMfHdzFaHEnGYnYaimntVtBgNnWdrnGKVVaAajtt,Missoula,Montana
13,nIlExwPdWoUFjjLZNczAVSlATIPLMXqyQSUJNRnI,Columbus,Ohio
14,MjjroXMxOaUkQQbYjqTwjhGxIFCifUuFRLhIBVxo,Arlington,Virginia
15,wBoMGNJhzMoXFwOaQOZXWFvFBvNNfgZUQmdRrmHc,New York City,New York
16,FbFmKHXdhDqNejZrPJLdkkKYmElRJQkJZPTvGFPH,Lexington,Kentucky
17,krAfKMOoBORKKDzafmdgthyAbPxKLuuauQSTRVEA,Washington,District of Columbia
18,OZERjrkQGBxBozTeItYSwAIOddFWEXlSlkCBoThu,Concord,California
19,QkbITsqmvLNsbCkWQmVfpghRlYIjSdGThumIZOqJ,Jacksonville,Florida
20,bDmxSNmiCKJwIryOnNuzpxYYiLVDeFmuJJVLaigj,Los Angeles,California
21,XFmYTRjyGdpENwqaAoAEwRxkFHbktecGMPavIJcE,Canton,Ohio
22,OoTsLnmFgHiiquZGQGgqWqnauPPtvQocTrmveIgF,Louisville,Kentucky
23,hgisLSJKWlDbqqjPgxKXnpAUhCkwvlGAYwzKQXJm,Muncie,Indiana
24,yaxyUcqBQXQusZaFtpkmzttBVeUiXeRTLglEBWne,Dallas,Texas
25,XnkInUfRJRbYngLRcVqzKiFyvYOtCcHWCTAOpgZw,Hagerstown,Maryland
26,jBseMImDbDyVrxZzDjtjibHzCtZsCttJwdMHTaWg,Orlando,Florida
27,ieXVOzfJIVZOjoezMFBySpytMvXULeLUdetPxOtK,Buffalo,New York
28,AukNkMWOkDTHkgEFGWQoSxdFMackIbOfbtReRcbv,Philadelphia,Pennsylvania
29,kjFfaJrTJejaUPaQmomhlguJUgwrYiespcADtJps,Oklahoma City,Oklahoma
30,MDUlcFRKyCOJshNJmMLNMGTlPRQMUzqbdNPmfjrl,Washington,District of Columbia
31,RIyLlsvBRNidlRazbvsvoHaqQzydnFnWjvWmHldm,Washington,District of Columbia
32,OWKhZTftRHLcvOhoVEORUmlpVJpWWoSIIwOXUjbM,Bakersfield,California
33,qkYuZbjUluYtTGVidTQAmPnzICEQrfSGvToiqXIq,Fort Wayne,Indiana
34,MZWLXACxpKVstcIyuFDNBzYfjgfXjuJgyYqvzlqG,Madison,Wisconsin
35,VlzbgVlQyPSQbXRpzlDeNOjBxCeqGFoYaAijuRGp,Dallas,Texas
36,AycpkAxuZTGgcJbECUUwfHUcLGQRJYFeewjFwnXx,Fort Lauderdale,Florida
37,oHOBPMbYDJPXQHQoddzhhYXlDqiBmEIXQEfdrVrl,Boise,Idaho
38,CHvFnYKcQlDgrQkWiwcCqsKCEwZuYmKsazPiXeRF,Dallas,Texas
39,gITHvQjdTPHZeUkzHBirmunHXNNtOkiTkzchYFtV,Hartford,Connecticut
40,gclKhSxVlYHvxRepyGDhHlEFyIWOFMeMKLwUmKad,Los Angeles,California
41,RknVeHnKfonfAqQDkSzlQVtEvKblANyiNTGwzfCh,Pasadena,California
42,rNqonugQZBOHTHGdxMYtJixJIEiMlzWsrmdqyHIz,Wilkes Barre,Pennsylvania
43,OEqdcznTqpqacGnLUxBwpswZVlFLWjTVedcKCXEn,New York City,New York
44,geyxDZtCbjnBWEqzXwvZtCOfXWpHYfnbrdPoKMVv,San Jose,California
45,oCKmWkaVdAAoQFjhcFLAAQRACPEgPZToPxhMmtId,Saint Louis,Missouri
46,TFyjmHJwXdBCEueMdRpkoFuNvIKuziIByidMfrgT,Phoenix,Arizona
47,rmusKivKujmnLXnnOsyBGuQToiGgWmjtgyIDqiJj,Fort Wayne,Indiana
48,zayGpKtvRDZVfgUYDGkaODEhcWvzhOqBBFheyAMg,Albany,New York
49,lfnyaeMSEEBRlCMWHGuVhZEsMGPNHTHbYtpxkGLh,Tulsa,Oklahoma
50,tYulpwZobJMWRSpJutAKaqNpPccUtzyzTwDWIeoV,Charlotte,North Carolina
51,KFcGFnHLspfvHaxrUFbnHNZhtxZdniKMbZPzbQNw,Columbia,Missouri
52,dmMRtPxCtophwJncVuOlSRtdflmhfLdZbsYuDzeN,Green Bay,Wisconsin
53,sxzFVuvhTXreocxLeGZkFsjzAwLOXxKQyatkVQCU,Omaha,Nebraska
54,vEHsbweWAiCsTQoQCpBDKAIYPlaLWKbqOdHfEPve,Newport Beach,California
55,obAXFCMfMZvpZVXbWNKMMhWwFrOvZpEvjokeZUPa,Pocatello,Idaho
56,LUNvPDcnqXLzxOJnwQXqjgnQnLzXzvyVWMcIoINT,Minneapolis,Minnesota
57,YQjBMpqAJrySGgYxKFgWbmOkKfejjaTgDYISlvHU,Washington,District of Columbia
58,mTqUIjCiyohtKXPSNxVJbFkFDwTKWSiCnmlXgkIz,Wilkes Barre,Pennsylvania
59,WaJekpIQTLutZDTQUYsKZlsKvIgUshrWpUqLzdSN,Panama City,Florida
60,orftxrFZMcLBNOsxLeUvKDBwgyJTXKLoahtNptTu,Fargo,North Dakota
61,JazlWGNqXwrokAJMOalNdgBpdKOmCLpHXormmJlx,Washington,District of Columbia
62,LVHpLRdAmmnlXtXGuwczYzsCcUqYiBUbvLmeOEzV,Tucson,Arizona
63,KOfaFAinmkDPCfskhzrKDwAMhqdtippgmJNFuvlm,Indianapolis,Indiana
64,ivmgegAjUdelPVIVcCCGeqxhgHfwsTeVBaTCulhs,Houston,Texas
65,qSbTCenoGXYeEobazCvVveHQgxKARFGjXltOFaZn,Lancaster,California
66,lIiNoToJrZKVaSvuOufcOAJHokMkEjWWHVDpoHJe,San Antonio,Texas
67,MRzmfHGFEdxikRZjrKsfMgwClIRGlZsCJxCyPsoR,Fresno,California
68,ebaPnzcvSTEubzvscPwzqOMTYtUZboCikrEzdOpw,Pensacola,Florida
69,DvCjAVsRjQIBFwNUhYFDvWmuPeBvUNlmRvBdoyzq,Florence,South Carolina
70,oWrrLwUwCeMyTJcDaplVJAuBKxJBMOgbqHheIcgS,Austin,Texas
71,vMSpHFkLSqJaorCmxuedNoLgvQqDyVPhzLKqLyCt,Spring,Texas
72,qyJwJcTKDyMfssljPRhwDstDgClPTbsdLsrdTYVj,Birmingham,Alabama
73,uwAlxkoibVTnaKZSlAcKhQDbbfzrcLhCvqoZUxIT,Washington,District of Columbia
74,wkijWGKdkYPrEXEJPzsAAvnwyGzMWZfVRGUBMhFD,New York City,New York
75,vanKMRfeujkGMkqSbBTGLFgcnnYoElrVrlKNhzUV,Phoenix,Arizona
76,ZGKtkbcrkgDlydVkSjpiqMFFcyHHvxnyMaBlyCxH,Washington,District of Columbia
77,JjtsBZCkzKeHoBTNQpzsRhTIIpigASozvoGuMxfk,Topeka,Kansas
78,goIEtDjSiHJjfuGqkxAxisibBMjWvSZKDIOAIzYk,Naples,Florida
79,GxiNwmfhOnQpPSHTAMQovYbOhdvdaTzBVORAEoXJ,Canton,Ohio
80,JVQrZuHLXacQPsGJPpDQIqnbjNOTZwpmbSHTsFZd,Portland,Oregon
81,gGOLYKfehvNBvaIzvyIpYNWFASxcmaTmGuKyAaoP,Columbia,South Carolina
82,bhETFbMmdoxSXscbPzpBwfIZJEgkScNyBKbiTzvd,Pueblo,Colorado
83,HkLgmFYVECIAnogAxBIzxlgsMXMLLdSrXtSOQYYC,Lexington,Kentucky
84,bganXVsWYRKttOOoCNpZqMgIQJrgxjBzRXxchLHY,El Paso,Texas
85,UBrQcgUAhRgBhRhGmUFZTWhDhPzgkbWkUlfEVtOL,Washington,District of Columbia
86,bChMLoTZIUuQMihtHlOEGyTfwtMSYxblVNLRpkch,Gaithersburg,Maryland
87,dsGybXKSCtEiNjjpFGFdVccSFFZmKDPWdQOBDyjR,Springfield,Illinois
88,FtwOoZfBRByjzfJJzLEwFyMsIllqYrPVIYMYAYFG,Morgantown,West Virginia
89,IYyGqbqYvUieplXCgmtlGsgoqyPoYNlubIqKhSiC,Louisville,Kentucky
90,pBHqGBKgdbHUiZtdPXJnkBpSciSIqrrknfGOxYOQ,Washington,District of Columbia
91,uqxcttXmdgbrzOlSzxOLLCGVBlIKGyxeLXNrcmBo,Tallahassee,Florida
92,vRdLluhgMYTVtmfBLgoyonysZwULUzsClyCxkSVz,Dallas,Texas
93,vofktFkYSFaGbYarkCvuWRJBKdhMoIglnevIYEvY,Charlotte,North Carolina
94,lNUSizUPIHkRCEunqhDfwFnSaFmKckrpfbKigzuY,Palm Bay,Florida
95,KCkkZxobBfRcauysuPOeqtMcKrnognKKGfgeYFKI,Miami,Florida
96,kCZzSlZZiuiDDwlfxnxgjOapFIVrEQsiMGzqMkgv,Mansfield,Ohio
97,wAOiYHzZMnDRPjJwlCwjQEuaNWgBUbNSxeQlBbge,Fort Worth,Texas
98,qTwvmgpgjcMhmcGxnIKULFabICFxoXGyZWlxFkWC,Virginia Beach,Virginia
99,jKqpGaSyzomQMmcVlVtHCgPSsOecQQWdscpRTKVy,Columbus,Ohio
100,HLMFsLPQohdQAbrbUeDHgJhURdFJkHneiPxZEDmy,San Diego,California
101,hDerqIGZhfzImLcnAqRirckuCiMRHRQGbelQkPUf,Phoenix,Arizona
102,BbcbPKzINisnfHWXMcgIRCixArYNZQMDFuCKJAzu,Bradenton,Florida
103,TJlDFDqpcKRgWFNGPreymSEqKbeZJfTmLDQkzhtE,San Diego,California
104,fFKdOogKLZJoEZrwWHHcIJqIXkfHcyZJoKerupBI,New Haven,Connecticut
105,RXvjBkwrsAAdzllvaBVtIDMhHzkCkcnOdhrQaAXN,Waco,Texas
106,IojxomzelGzrHZvKDgUfqwDJTdEjXOoxzyPrVLlp,Omaha,Nebraska
107,tZXyrGXegGSggkiYXuoXQkfQvCknuhHYljbJvydJ,Fresno,California
108,UAPKGvHCguhUkrGtjXanKkIhJMuuZvYuekdcVXkD,Mobile,Alabama
109,IrrKKoVriZUJuRqqNBqoWOgmnGnQOYXgTcLSsEZf,Kalamazoo,Michigan
110,xkcMAsCHONKmggKOlPslVhjflQKgdgneTVtTSrUl,Sacramento,California
111,JGEqkCwrKXxtisrCaZyCjczlfFRbDYonmUonoWQd,Mobile,Alabama
112,jPbmZuVafaJbJtSnkZCrNzmcHVyzPJqeNRpWmjxz,Colorado Springs,Colorado
113,aEyAVENMsWRhBANwILNnNLnWiEWdkwJZSjookdew,El Paso,Texas
114,fNLAWYpJPtWybPPSnwWUuhyHUSBqkcTiHuRXAUfC,Charleston,West Virginia
115,hwAvDvCtJnMzhKnpmQCDuAebtHlRJhmPMDfreZLT,Brea,California
116,OjbXyDihdMSapofuxctjpUKnXtqQosgrfIwNkqgC,Kansas City,Kansas
117,HNYexVigYxHBDvuZVidQQvdckRLPcxbMbhosMrgV,Indianapolis,Indiana
118,DmeRTmEiPvioHgbdXyKDYaCPUUnFOvLTOtRFLDXp,Columbus,Georgia
119,LbpVWOtZjsILxrtrxJtjYxlHMRvEFBQACaeBCWYp,Omaha,Nebraska
120,izPKbpMMpXDscYIhdKSgsKSUAHczocjYaEQGicLd,Knoxville,Tennessee
121,cRieXLwHzZqbuhqBqGmrTDypRjdxIsBaCTtWMNUy,Newark,Delaware
122,dUMmMzZmsyfOFkazkpGtggFHLeMSmJsIeXOZxtOR,Richmond,Virginia
123,nteNwLjnCRrQgeJBsYbxOQKlyrxcDWiEmUAXcjdg,Shawnee Mission,Kansas
124,ZQiSedrZfgDhVHWnyCzgvOjdtUSdjYEmsIEsPRyh,Panama City,Florida
125,pIyzowxOtFcamiiQEBXGPiVzpDOvhizzyTLhQNNq,Lakeland,Florida
126,osYTZfwpqejfHCDlQZFVNQFGQwXXnILmpLVsNxEC,Corona,California
127,jGbQNeeLLwiCumZkTuYRAflGRnMyrHsIoTaMPPCS,Indianapolis,Indiana
128,lNdZngUCvjGEPDKTBzTUWWePubXpxQpAMkUKfSan,Chicago,Illinois
129,PpQPuSHmdibHtwXBXweirHKPHuaKCZchiaMOsDmT,Chula Vista,California
130,VqaypjYtnxjwZFYPeNPdBvcYcEImTERxDeKsAGNb,Montgomery,Alabama
131,hIycIfxSOdLKrDzGtPPNVKlbUkZIsKCsiEULtMIq,Indianapolis,Indiana
132,cqNBooecfKxaHcLdcjfiHNaFHYNgdozaCchGNTED,Muskegon,Michigan
133,vBIKyDDMEliBErPfuEExQIwxQhpvumOXSrIhEKnN,Kalamazoo,Michigan
134,FUdVKAtfSXaovzzWtfvfsynPWyStLlPOYACFCbZB,Indianapolis,Indiana
135,ubirmhCRdSVBlhemUityMgCgYuRfAnZoEBZrYBGZ,Wichita,Kansas
136,ehgcjFcpnuiLLcyKNyMqxoetHOeTguZCxhIDnQZR,Arlington,Virginia
137,tAosYxerJmXHzJqAwgxgInWUzrbeaabFtgXvKXUX,Saint Paul,Minnesota
138,SqpytRfuoKyEwcofDlcYmSJdCfWsOgEJahlBYqOD,Santa Monica,California
139,VNpAbuZvEvHsfmDeQRfxrVYDVoCgzWhQIQCWNyPI,Sioux Falls,South Dakota
140,KSdBzgYDyGYeoyjzHojgCMuYtfhhPOPuDFJvqBQw,Redwood City,California
141,aXAknervZegeWBLdaijhEZRDmMSpGEJaARwmPhZk,Wichita,Kansas
142,NMTLxMsyWBdKCtzUnSxuPEScveJtewJTQJEPkLtg,Fort Worth,Texas
143,clDDzrmUqHoxgNixtUfyklahAAhQvzOaaeUnKOQt,Oklahoma City,Oklahoma
144,LPsWBcWtYliMhoPRdYXDWIwCTVlbxkJlMHXcnvEY,San Diego,California
145,FczEesyKOmOIWjHGCvTKTfiJESAOkmhzEHCEytCm,Oakland,California
146,tWJYOUgQzuImJrEPNERvCHxAZhQtdznxoAsDSogx,Orlando,Florida
147,PVFoDcgiYGGvRigUApDNPABMklhOWxbxKgbYdgaG,Las Vegas,Nevada
148,dhIPNBYWBsDIQklROyRjqRsTLDalpbqyVejoDrNK,Pittsburgh,Pennsylvania
149,VlBUxyPSirLJBwupILWCTBXAvieuPqOTrCpXOLlQ,Huntington,West Virginia
150,HPLuZrfiSgVTbDqClLVylnRPoDXdyZMLOtBcjUmI,Saint Paul,Minnesota
151,VUYPFrnwdqFwINYKkasMGBAmSxOeUeCChJBSdWgG,Las Vegas,Nevada
152,OusnbnFAmIBXTHghQgaFfUNxYUlURANZrPmJTfJV,Washington,District of Columbia
153,DwHKMRxfYvgBKiJbyCqrzUFKUeFRsoApKaMDJOKT,Raleigh,North Carolina
154,TneqHytUsdwUyzdXffHDtmxmuSTwMEOFnIwXYhiG,Miami,Florida
155,fEBLILEugPJgrhAKauqaZqvrEHmrWPJTJWPfJMuH,Tulsa,Oklahoma
156,xYJtxpQCFDriURtYnvVMBNiadSGFjNhRNsvlfOOn,Wichita,Kansas
157,wvCzhtELzwHegZpwuicqWOxGOOuraBXGanLVWtqh,Minneapolis,Minnesota
158,RuWOlYfVnKeVCqaxVjItfeQiAFhOkSaQlsrzyENQ,Fort Worth,Texas
159,tLOkbjUExXUqZlcMcMuhzYWFswxkqCndVtUztMoW,Colorado Springs,Colorado
160,qxowyggIeSJBcKFCyPiLBtmVWffDBtdCJnwTyAXg,Norfolk,Virginia
161,kGOKZVqUFgoTWsSNKsRCdMYVIFLaJVtHXDMsVwHH,Jamaica,New York
162,XZdeijSpOKFDwRxLfkeZWLYozkPCyTkCAUTKdbAS,Amarillo,Texas
163,dcIundRuxCrZxUuFQCtepPWXPfOKooszZrzjyffs,Oklahoma City,Oklahoma
164,BAbnJpvCZbVmAlTKWSvECEXwbfePdamvBNdEiqAG,Fort Myers,Florida
165,pjLGJwYzTWlMRDaUnLpFlqWvDAsvyYyKWYrKmohP,Houston,Texas
166,nREyaMefwRpVbJKHBmLHkWqxlbyOxJNJNIBLWGPH,Fullerton,California
167,sXqYowzweqBkpsBCzGSsEsINdASlSfWoXwIPkkBL,Tucson,Arizona
168,ydyhHCcqlsGEuuSOXSUzdBOZoxPotuZMLwSatYof,South Bend,Indiana
169,JgQIMGCqDUxJsdUnEKKJxjCIwtCuepKGjmxvyBwF,Washington,District of Columbia
170,nYbRmoNTxIwJgyONNpuimkopQXRwtRsULbZlcGbW,Miami,Florida
171,DoInmLZDKCnFnMYRaHgopDgWvQerIzaLNQIUXpdg,Fort Pierce,Florida
172,XRixfJOekbIePpvSWgAYgQlMIvgUcsxZbANKzpzY,Kansas City,Missouri
173,iKGFRMfVvCGSvDUYbiZDsnKdkICeygxBxStRBQzh,Oklahoma City,Oklahoma
174,XNnAmXslIkedNswMnaafeTMbnxOcylcpSPfVHFcG,Columbia,Missouri
175,FHbZpFMBeKublHRdSVHzyBECvKLwYKyNiOAIqfdQ,Erie,Pennsylvania
176,UaffokMusIWVGeFoygSIaAfyVbxeWtdMsrwTTGPS,Alexandria,Louisiana
177,exjbTGqfOXzbZcPiITUdpbWheNkxJeRGbGHoxKOC,Burbank,California
178,QdswNSCyroJWbWKLsUYNghlmsDlExmbLuxQbglCy,Richmond,Virginia
179,orWRWoTkoDwHMImCNyZnzGMhOGqcUuCmvvYBaVlm,Seattle,Washington
180,lcdRwytKLizMvqDyBhqvkXivKKoZazFKtieQQuEW,Aurora,Colorado
181,TXUJVGCsohZVWEWySCbkxluzXfnTrIcnfjgUIPsa,Lexington,Kentucky
182,gekwrkVBeVzlfQVKzjNOuEGgUZWlTrDlzSukdhXg,New York City,New York
183,HTZETcjmtpuEjnnzqJSVTzzyTTMcLkrrmAZBenMU,Los Angeles,California
184,ukBrZpnadCANAvwRpTNicfHHBWyewrUTrSPmCHqO,Los Angeles,California
185,VHobQdyExRDncOGPIBRjksTuMNKEQbnsvKoAvZmP,El Paso,Texas
186,nWSYwVdKTojrKCHUMynlWqMJGixaCxrWaaCIhgKY,Knoxville,Tennessee
187,GvRNRRkgbgDQDuKEEQpkIhqbWioJFAKalgdMEArj,Springfield,Illinois
188,JskooGMpwmsNUVepcPfvKulDHCrniczPUJoyHdNp,Columbus,Ohio
189,wVoZyGMVqBxxkIlFLegPWazARQGbnfItfonvEiXd,Tacoma,Washington
190,HbYejwHneymWOlxxrjNldLhDeOEIJiNunvgfrblt,Atlanta,Georgia
191,BcCoPOpfOQpEopoBZseGYUDLNTUOebhoDMnGAOYa,Pittsburgh,Pennsylvania
192,gbPnDXiqqGqPhOTlxoZLGlFYYbIdfPlvUqIuEMGl,Cleveland,Ohio
193,CVuIjACqzxEjMvkjiJhwDfwwWxRhaBecvXLNmCbu,Cincinnati,Ohio
194,qWlBNacudOxXWQQziEIPBXvJXLAgIgdDCObJPcLX,Kent,Washington
195,IvzpuVPcwiosXCAEcQqQfaGQsKFLOHZnQKwNoJIh,Minneapolis,Minnesota
196,ClVTbmshZclLbZJLKYZTSWxdHzjZdmQsGySJeZAr,New Orleans,Louisiana
197,oCYYiwIRVtwRbsDChhekXHAebWXjSXEUVzavirpl,Springfield,Ohio
198,eqKUdAyHnDeEockxBnhbRyTRodcFiGCGyQuURgBV,Amarillo,Texas
199,cIEjfTgdZixbpcchKiwwNwusSsXOLvLfrWfRKabF,Toledo,Ohio
200,UsYodmAjWFhMWTtaEDXnvJvumtjplyjaVgcZwdMr,Naperville,Illinois
201,njWUYcwJpthPwfRIuGEZAbAXLIITuOpFPgtDVrOf,Las Vegas,Nevada
202,eAEsXzxwNtQoofVhZGjFbvohZQZrQOZyLEuLdwZL,New York City,New York
203,MKBftkrOZIbqTtrRzCgnkIbDBdLoFoLHOxSYhgZW,San Antonio,Texas
204,wVmqEOIgFTGFUDmIucyukkoLdBbcMfiQjPKQUQBW,Cleveland,Ohio
205,MPvHOVvhVKeXoNxoPpIHtdkrupasYUJBMzwPTaPF,Washington,District of Columbia
206,WFEMDyYcRNjyUCbrJrnDxYEbkfukjhqmMytIEPqF,Evansville,Indiana
207,GteAxJsmxJdQOzbQPWhXcJflDtQfXDvcIyfZKiNl,Washington,District of Columbia
208,fFLfIiSTJExnOsyhFkuTQXJGYJFOIHJAyddlnOKz,Lubbock,Texas
209,fdIzsCXfnYxYEhnCaSwgMHrqqCBjZHHgKsqBnmoB,Albuquerque,New Mexico
210,wHjvzaOQReWkuWILHwOSJEsvcGaFFjkPyYTLKQrL,Young America,Minnesota
211,dHPDAnbQXAwhJiOHtcCpHKpWeLOkHBHssNXwYJlp,South Bend,Indiana
212,KEZkaZzOEFAozCsETMALaQeHqPzGuRtdpiSlwENz,Kalamazoo,Michigan
213,aQqoScwQycRRKKHQlodInjdafjZqgNQbDjuUGUOk,San Francisco,California
214,NJvZBnnkByhrerMuUPpNDzHxneDjjyjNcLKojmNR,Evansville,Indiana
215,wpSPeBNSAuorEHQHvOzatqoshYiaDiYUGUjpCIrY,New York City,New York
216,HdrbjXzvdJBHhbdmnqNvsvwcOdjaYTIVEilSWCFY,Houston,Texas
217,uuBofcPFJPpbOQGSoIApmznYcugsWzPHZTFHYucQ,Knoxville,Tennessee
218,cqLGsZBTVUQwGAXFLYkFMhJjNZCZQRHOQsyrDkwc,Burbank,California
219,FTdWgLKvsBTMeKSUreQSMhVcRAuytkuGelXsdNpQ,Tacoma,Washington
220,PfLnIkMQZfjXQdhWkhzJVxBdPCBWJXfhGTfogKia,Canton,Ohio
221,PWxSGizupizQPNgLrBhPmgdVAncpbghcjaTvOfkr,El Paso,Texas
222,ccGHvdrMfPFGKIZJbYBdnRlqPjfZwFlhhJnMELZE,Oklahoma City,Oklahoma
223,TdNecERoNQoHbNvnmJjsXMNNDECgXphYYEnjsdBX,Anderson,South Carolina
224,MnJIMQGYBnHchZbCTSDHVZtgOvxmbrPnwBIdbrrv,San Bernardino,California
225,BNbYPugiCtmladLvXxcCwsgwUywuMyhirgufopeV,Washington,District of Columbia
226,RqqvKDTUhdjQNlSRBGkBcUZCrMmgOWOUWndTEzIm,Hartford,Connecticut
227,YChOswpJDQhkzzMvisWeODukCHskkvYwvVOiWHlv,Philadelphia,Pennsylvania
228,WMXBCkqvPeQbIzHLuOnlUXgtPiFDZHbHrUQISZjT,Hampton,Virginia
229,mgxYYIpaGVqXPuBLELNVTLTLzhvqNIeqAuTNVedw,Washington,District of Columbia
230,InnefsluptyjWmxUbXRzGiTnrZyeLClasqJyVVDX,Houston,Texas
231,KgAuXbWNocCoPZXqRAbjiWHMjXTiKzwBLNhQfwNL,Tulsa,Oklahoma
232,fvinpPzUgXlHwlTdSdQhiWLnluhAohcreEEOJpUF,Oklahoma City,Oklahoma
233,YJrDaUgMbVBpQGryLWqrdyMLKCPiKsRrXTkdPwOn,San Diego,California
234,nuvsemtrLNDQEikiSJOtQBmcCvjJIPKGxnPeoHuC,Fort Lauderdale,Florida
235,cIcXtIvysogTOHMmVHKcGzkABuCbccfKHjemFuWg,Schaumburg,Illinois
236,zvYqxwFsACECuwdkTkliVXsNSCgJDZxGGQvUTMMh,Baton Rouge,Louisiana
237,PSChUQbowKcTWqYnVCFWrHkhbzgxYtuyrUHWLxrf,Tallahassee,Florida
238,RLUqYojICATpZnxSZMcVAItyfHEYmjFUWvsWNxFi,Raleigh,North Carolina
239,blwRXbrfoJjfrsSlJZccyhYQsyHtMBSzMjPoPehp,Albuquerque,New Mexico
240,XhAbogeXBEEOUmUMnicUgHwbIvsVymHXYYdEgVCa,Pocatello,Idaho
241,DiFGCXgRxLLQoGVUhOvhlwwVtXcrPSYSzIjqhvKE,Hagerstown,Maryland
242,MVExhzxfQrFFwsuEmWmYjJAaWFvbpsSNuXVmwMXn,Carol Stream,Illinois
243,JhBArHMczKCSNcAUOkjhwByFxbJtWCvAlhTEgRyn,Fresno,California
244,UtfvEPKgsWrOshPUlURjxRZdRDwSULCvUNjrwzaR,Glendale,Arizona
245,hnOCrKYYNwUOAFmXOhzjeHVWZZbexsHvFjbuYfER,Rockville,Maryland
246,ysFNoiOaIcTieLrvWybWTQoiDaYbESJKEyxJJJjA,Atlanta,Georgia
247,SaCkUnGHkDjIjrWfmNusEihUoZnYUONWySnGxdbx,Washington,District of Columbia
248,ijWBxURODgjqNPcfnRCsmmnnNxiJvQZjTXCJOLQt,Minneapolis,Minnesota
249,BqESQkFTNBcHwPxozFBCcNLqYmlgTowaQYazrwOJ,Chicago,Illinois
250,gNnPUhkEniluVutSsUxVUpWsuLLuKWRzqbzARQuI,Chicago,Illinois
251,FLdLKINBpFDYNsTXKWogyrlREXzuPkhBkLrNsRlm,El Paso,Texas
252,PSmlTcDKTnrDWuzYlIeyfKVxjUBNjSolKCPLOFyF,Springfield,Illinois
253,bkkCDmvvsqJdGQXHepnjHoVkgVKaedvfCWHBGBXB,Greeley,Colorado
254,GZOpDjwzMXadEysoXPxQMHfhnjvCIhpkjdnWiGVX,Cincinnati,Ohio
255,UmnUEavABVqaCebiosBnNnZRdxHfXnUsDsbHmuVQ,Washington,District of Columbia
256,KxRnZLIMKEtLVlWHfhyLhAmUtrWGfdsyfAPCYLyv,Los Angeles,California
257,MfVbyLQZjBMHyupyFZbTvlGQpzTGvdBjhqNHrKgd,Louisville,Kentucky
258,aBFnivkGFneUJPOjEjXIsnBBKDXdGMvKhoBsRWff,Buffalo,New York
259,ZNyDfkLSxAOfwjHPyJpyqrGLSrfBhTOBCzjItqnm,Oklahoma City,Oklahoma
260,GhqYFtoplJyztBoJJvBjNZPbaBsErmldutfCGhMm,Davenport,Iowa
261,UrXGoemMmhjyJJwrMaTEHrxMkKOZTjRsybJxspJh,Washington,District of Columbia
262,AAQzagpdtbRyDsyyMluixqSTipJiccZaqhzzJkbr,Pittsburgh,Pennsylvania
263,nmAIHoJKVzkXfGXgoYnzsnRKiobzczsdDjkEkdVJ,Shreveport,Louisiana
264,DHdaSkFIVDtKLUWkAIRvYVBbHSzZhetYJBfjyJHj,Oklahoma City,Oklahoma
265,rOMbPcHnPUbPrfgeCTDstdyZyhVZrJCinhNwjrMm,Louisville,Kentucky
266,vxzIAtzukqBfuDWmyvQldLmGhNckQduFNLZCxKGk,Milwaukee,Wisconsin
267,CAefFVUxhGRdzOVnoaxBEqOzFIxMmsZuyCPbRCas,Minneapolis,Minnesota
268,ziTGEkxfRgQRljGXPHEdOjGEcaZxGGAKkNWpXGFY,Baton Rouge,Louisiana
269,PMkSpqwFCRBzIzDqceGpfMOxNBGkgwxRCCdJHBEs,Saint Cloud,Minnesota
270,KBfZsVqvRquSLupgOUxIJFaYZyZXjKQgnQZcflXK,Seattle,Washington
271,GcSdAevvWaYmetiiNqTvumydTxAjtGFwjQpKuklR,North Little Rock,Arkansas
272,FAqNYdSxfHsJjgMmNrvkgHxtTUicdjrkSKMksNzE,Shawnee Mission,Kansas
273,lzmaLKZrtwhimPeogBgxzENXVsUKjeQDFljTKXVq,Sarasota,Florida
274,vecKUkqXlDMqnWLippKKAtopPfxWeQPnAZslBbvK,Lancaster,Pennsylvania
275,uBOfNbIenzdVXEqlrSesdmERmFNELwtYQRmRZLIY,Columbus,Ohio
276,hzaYkcOPHNDNwbymyrFNneSetIcCqvCfttdaCsLI,Albany,New York
277,uZWSQAPzEwLwfyqFqQvrUAgxChdoQeRVceZmXFqQ,Shreveport,Louisiana
278,hCRKRcLWqhrliIlITgIKGyTQpQgqnIXVgRhLPSBR,Seattle,Washington
279,zuRSjZDxlkwYBXuciwZXDMvGKQkVUGlfYhjLznXo,Denver,Colorado
280,fwWVzJlRENaegEhLydCofsuhtmNWmeowuJjJTLcs,Memphis,Tennessee
281,mxkXPQqAfRwaUkCckEBMOvWnrqKKycnIfKYqTKJn,Edmond,Oklahoma
282,UVIgQnhZLjvIpaLfDxtpOXGXixykIHZWxFetodVu,Cincinnati,Ohio
283,XLXdlWLXFsPNPdIovsMrJbBiILgASiOQJhVDZupn,Lansing,Michigan
284,MMNwpLaYYVcIopSwJldHDSQcPrjjqMjSQGPtpRUZ,Columbus,Georgia
285,DDIgQmsugAOEKrdytLLhHqhHLlehcPFdDddEKtzM,Bridgeport,Connecticut
286,MwohXbmjLPhSANCRJTisKujXHGqoWAYXKmZYofZS,Tucson,Arizona
287,sLJVdiwCcFDLgzDFmKkHXBrVykJuREmBOeBixXPB,Buffalo,New York
288,xqHLhOnaQjnHLdtvZVaHkDjBQdEbGKenvhtpWFIH,Oakland,California
289,RhpGLPIMdbKncelzzIciHZSDTYWNzOWSEgfMEqjT,Portland,Oregon
290,HworhASZzjAkMnDbkqpBfHbGMiZJlsqLYRUJrKqi,New York City,New York
291,bhxhGzvtMxQCNePclwYTOYLEYdKKRtxsqfKMxiRg,Washington,District of Columbia
292,OHCvUfvxfoQzFkXEFAsKrTEfQHDZHhGzxhtYAeBk,Washington,District of Columbia
293,BPZJsQXZbLVZgohTbNNAoGpjdJSNdCatulhsWkrr,Paterson,New Jersey
294,ucMadwyynUgNCrSSrDPbnOIDRcKKuyZHYbJJXhSM,Saint Louis,Missouri
295,VpBkpkDfnbLOSAlIrTrsTtXeSMivPMPXbJMcQHJg,Hollywood,Florida
296,YcoVaPqZbUDMjehkvBEjohCHzIBFIzzlGKjCeMLV,Alhambra,California
297,jDjdpdBnHsjglCqeEZLdVMVJoWgDxSlhFdEWGfaP,Lafayette,Indiana
298,bxXZTVwKdacvFQBGXzAjpkvAzWHjVrgOQgDWgAFt,Elmira,New York
299,RHflmfGITRiaUIyFymNjfYlPAfDKCpZwSFDjKdSq,Anchorage,Alaska
300,fDIhIdZFSHHavUzWsjeAyQewyPuPSmqtaUOYfpbZ,Fairbanks,Alaska
301,vnJQlMgwqwoFxFbCYhhdmGIxxqVwbGaHmPtKAdmy,Atlanta,Georgia
302,VWCZPhNOifXzhbUqagGRJxSPwNMWrQkmoqdnwnCe,Fort Worth,Texas
303,SBfNmcAKHvZMtRWaxefLKNefWNHhjyHQdsnTyGNN,Richmond,Virginia
304,MPtAyCwhOqKjvyQXnLJSBivSFgKOaqUidOCEsGgp,Tucson,Arizona
305,XRVcJlvhXRybwVAJGBUCJHGqRtGgLXuIDXTCOefQ,Norman,Oklahoma
306,eyGvcbNAfKAJGufzkIhqhXsYPVfyHkZKNBsHbutN,Saint Joseph,Missouri
307,jJKVtKYnnhYzuorgcyiSPbeGfTayJALEgLiiaPZV,Warren,Ohio
308,zMRaoOyPvkDMbQLwNtXGHrXWDBPdUlosbyMMyiJm,Battle Creek,Michigan
309,ukxguyZMXwKIjjQvuVbByWPKEgwxNPCtMufWNBoR,Johnstown,Pennsylvania
310,tyRuOWPXcQDuHQPXTecAKzPOGGQfpdKaqUabAwKL,Washington,District of Columbia
311,wiSyXjpiubeDNOiwEufrywgzowToqwNwWKmyoHxZ,Missoula,Montana
312,pcaPHhZyIOTlUyzWxHeCPUxEyeEvXJbgHukRZLqo,Knoxville,Tennessee
313,ZRsTdNWmQJszORuiOSrkRgSLuJDjEgPGoZwckTsn,Honolulu,Hawaii
314,EIufqJXxIbeuRyaUwMvGApaFZzpowfcsHKoZkafY,Appleton,Wisconsin
315,HGfOuTuCzQehLLSPfUCvRWpGbnOlfJJTbZkaTfjC,Erie,Pennsylvania
316,mGobVcyvPlzRumltIEqDmFaLKjSTGMXjBAvcZulV,Sacramento,California
317,pEqoAADzsAMVZjhZXvEwezhyLMrOjHtIZLeAcTun,Green Bay,Wisconsin
318,wUDahXriRnUWNhAOpNTUyzEzdDXXLFiWsckjlVtC,Jacksonville,Florida
319,UwZLviEzCdMVTfwOxLHWwYtWRCuBZgxumznlWdyw,Buffalo,New York
320,MyGRdxgcIGmymlfpjhPuZLwXTshHcYKPCpcYJYtt,Atlanta,Georgia
321,YoIKCeIBJMkpbVMThyCezFrwwFCDbnKqwDVyjJeD,New York City,New York
322,iqvWLTZDgYZNyLrfWEDcRPeVdwsNLLsCpFXbpPxg,Oklahoma City,Oklahoma
323,xTyaCBFcBqgIlmkbgXnoQtsSbUMijGaqFpfTYkre,Orlando,Florida
324,xJuxPYAOOWmrZDigUhbUrQHfKcmosInYqqZFYxHe,Kansas City,Missouri
325,ifikjdQLuZBsrMzpFDzGNMJplZiLaHChDihutwnW,Wichita,Kansas
326,YLjZJsxCbPojTdHATEJEtoZTvHjRnhrBnfanRWvh,Atlanta,Georgia
327,SNvOAFFacSBaaTTdLmLkcJAWabgcfJCKFjWVyXoG,El Paso,Texas
328,dvCXgYBHLKAmhOcShVxCSRPxWapiylkcRximPKcb,Houston,Texas
329,gXfcXciTecdOdGBwzcBUGAnKUyArMOgzjypfJFla,San Antonio,Texas
330,tMnEFnxLrbBKZnntotUBHfuVHhypkPwVYzFIIcxd,Memphis,Tennessee
331,IlpXKlVAbfeFeYpyVZjCRQxsZdAnFWdmABnYDpzf,Portland,Oregon
332,PLUIEvuLFQetJOWstCKYGVjDQiDVGnOpQUvxrgVd,Sacramento,California
333,klmQRdECPtPVvnQmkrrYTqkGCZHtwFxulucFOdNe,Washington,District of Columbia
334,KXzozJkpuJERghvXKiaKuYDgsjbQWGmnYvelHpNe,Seattle,Washington
335,zrsnHxwovAnLQUsnEystPyHrjoZgLXdJbJwdoVRI,Modesto,California
336,xUnJfwTYvUsZdrWMvsnwAxYQNElScJOKFlyfCzix,Colorado Springs,Colorado
337,AgHFglEOkfjkEceFclQvBzxYKbFrcCWSIaJexDoe,Alpharetta,Georgia
338,tDwuJliqImnQusmeOvZAHeZuaaRVSBeyBfvLmBDh,Springfield,Illinois
339,vLnGjrPBxWWcYcigErbVtFRgiNbZPcQUmfIBuWzL,Madison,Wisconsin
340,IxfFQhsHomGJwuWrkDWztJqjagijIrsfPfAXFqlS,Phoenix,Arizona
341,yuseBVUUmruLLqNwfmYWxPkfXwJaAbfaYPrVKPoO,Johnson City,Tennessee
342,XmXzfdPTVMRQaHSeKzSrYiYAyDpthlNNLAyHCSUm,Detroit,Michigan
343,imDVABWoLavPIfZJUFgdIYZndLbvPZLZlqggiCVd,New York City,New York
344,IbXgycfDuZDwgthAcsVrxXHbmvyXMTshsOYmsBNo,Washington,District of Columbia
345,SRijzBYEfeaTWrzHHQaWYlgZvCthrVZzdtOQXnLI,Naples,Florida
346,GEqNOjUWauXhhKTiDyWeqzGqZVCaoWsfTGyTLmVB,Houston,Texas
347,atveHdIZbPwrFFiPdeBkOqHhAFfIUQkikDGiOIrj,Madison,Wisconsin
348,OwtKqytmUtTrmanyJbxZGfUvtCYxyOrITZWRmvGI,Nashville,Tennessee
349,JceSDXPZCPivRFHAHggRIcsTsUwEdMzwqPqaPxHA,Dallas,Texas
350,qmWJHqSMQrCpuCjHECaogrVfeMYGyoAtwrBLLrGC,Dearborn,Michigan
351,DKNEbNTDOQhDSJjiDLgYPPKsDJEKJhcVBhBjXuJn,Kansas City,Missouri
352,GXPJWElhurzPtOlQBrGXZiyiIykuSJfRrjErUwwd,New Haven,Connecticut
353,SQWxMQlaxrFCbjMvewKzKjnQalVcsLNbpyREaPLB,Modesto,California
354,QILZNsTLKaHPRDLfCKDtqzStbIzuGMJYkkZgzaRj,Washington,District of Columbia
355,ZAjsoCuRpUbDEsytBuAFmrgpWdzBRzLUZKxSEUbQ,Charleston,South Carolina
356,GCblumwnFDdyAejxRgIPFLdTLvExtwVoPKPGuTGO,Orange,California
357,YmGXjGdkoMbrQiySDqSANbOkkvgYyOYhlAgJoCRD,Arlington,Virginia
358,ryHBanttDdaDHIlyRChAAApKNZlfaminPweKQmhX,Bronx,New York
359,WbnCwbcZUtvqLYUfeeYNOoccJqgYzvoSvFKviwWB,New Orleans,Louisiana
360,EcFGuZePhHlDRQKZtkCxtwiHrlwHhTKvcwBaohcK,Oklahoma City,Oklahoma
361,WCiiFdICWgjlVTJRmubyaEgysdzBeOvPZsYRmAQM,Hartford,Connecticut
362,WAgriFIQeJLYDkXnwPhfPyplvEItpGEGdcwfRFru,Mesa,Arizona
363,vOrZVVfovGNorxYeCidrhJFxgtNKhsoNDbCRmgum,Sacramento,California
364,StZtBzKtKxpzBwAvQXXbcmWgqtZkAtXlpKteiVNN,Washington,District of Columbia
365,PSfubmVMSOYsLSCYoIlFTpuReHzGXnORHHfqxytd,Newport Beach,California
366,TrZQqFKaFdyLBnmErbQwkgXOgOPqsOjCcuhCYSmB,Mesa,Arizona
367,CRtkVYVQcBQBryoyTrpYdCFbLxEGsrNjdELclOQg,Escondido,California
368,wwtvEfBHGOxeAbLYeRDynxUMRVFUhPUzmONqCxKv,Charlotte,North Carolina
369,OEDEgphCnRtJQxDYffPDGjpXfPfYTJKNyDKOCskN,Ann Arbor,Michigan
370,cvHQwRsFGqTJpoMMHCNkQbHQFbNkyiVbRYlUCGBO,Miami Beach,Florida
371,BOOQpqRXZNXVOuXSdMWSVqESiiLogQqYZhDpTuBK,Washington,District of Columbia
372,AxZLUAjCvaLdYHovIiuBXukYwLdtAekaBFJLshYA,Charleston,South Carolina
373,UFwJvnIQcxXDJvJdQxmlckSqDpMKiAiUUdcmaOKK,Washington,District of Columbia
374,VzIHzpZqHwRJIhppVULDgHNrUzmWmJYBVbjQXPmP,Tampa,Florida
375,xWSoSgNalznnpQbeXMjaAhXDStalUTVjahYlXxBt,Chicago,Illinois
376,gDDcLNrCifDuZAUCkNZbzqdlSNBRWHmuFgRVcNTG,Roanoke,Virginia
377,AarXeZaFLXVwkIkneVpojwDMmBxKMnAFLyGdyAft,Youngstown,Ohio
378,EalCARGbovLhfEyDLNFKEZCkYmndVYkZOyxxlmct,Terre Haute,Indiana
379,RzWSCEBBwohLQbaoQtbroOMqumSWHZErsYGyhVJm,Huntington,West Virginia
380,vGLJUIgGACkCFSzHnUORfpzeLSWgCKRgWtlOFPAA,San Francisco,California
381,NcvyzcWdbqpIDQvJEdnFFSEtYUbwZBNiEMVXFalx,Young America,Minnesota
382,PMBlcWHTYOzMqOSuqrVimMegDqPUlYEbAljjCYEq,Nashville,Tennessee
383,AKLctCqmjbjpWdLrJZFqzMiqUyBwqnbUwDataNpS,Des Moines,Iowa
384,cupkAOrauuRoqPiUUNCgCXHsJhSKqcKSrjuaRmdu,Arlington,Virginia
385,AdiehkKnKsXgDivASyIHQNbcIlCuxIZCrYMrUAaK,Chicago,Illinois
386,uyIiQtVlrebqcdPIfTuamljAObJeGzZijGYcSgdl,Atlanta,Georgia
387,tsZgLLSRCirczbGSfNvuUpzxsYeXpvVEmgLukQVI,Madison,Wisconsin
388,YbVLuiybvtBHUjmzQZGjVQAQZdIBhREboTMluEOb,Orlando,Florida
389,LUNYzqDWHVFWUACKvNhteNgSthivSuZHFHkOdjgE,Cleveland,Ohio
390,YNUdjpwEjhsXFGzePrpVGFkphIhKVkgyAZBwrDoF,Chula Vista,California
391,HqwLLpSGygHtIzkOyWFHxZQhnpXGNJiyzvpYrPLz,Boca Raton,Florida
392,mmOfegwjoXHBhkfkJflgaaFDatoABjlwBRVEyHAp,Portland,Oregon
393,ugsbsHNZAOcZSnwFvQKfPvZBFADfpNUBRFLIySqk,Dayton,Ohio
394,SWduPbRinNgHurRuSrichuJuCwsTooKrRKRPYkwE,Youngstown,Ohio
395,DjOHPpSsPcxbAuOCakSVgEgQPAHZmPVzWeCPzXFF,North Little Rock,Arkansas
396,NKQGmIfqEQtdFlcSaZJmBbBwfEuygvpGJPvAcwUE,Tampa,Florida
397,ZfZiBosWemCDYxghLcvxEOEQPMKTCyxtdfmTLfbW,Palmdale,California
398,vUcqUeEpxihOkrJLxJXBkBMPcozUGcpeYhiXiDMW,Humble,Texas
399,ZAISsSEZvomfiZMpSqYmTldSypzrnyIwVawOdFcZ,Savannah,Georgia
400,wzmunjTjVsTEJCGkXjVVKSiFDGZlKsgTWzggAmsc,Tuscaloosa,Alabama
401,TlisJScRYdCTiNPwbNLeFsSItobxeSIoBsySeBRN,Pueblo,Colorado
402,fMvijnLChEfFMybNNTpZPApgXgAnYRqHwLFbwoEn,Memphis,Tennessee
403,RrgNAFRumEhqfdJsVmPyrNNaVPXVLiLDNrjmBvMp,Shreveport,Louisiana
404,tqVgZVISBuyKwvZlDMLSfSvvMtffaoMJdsOFLMTX,Colorado Springs,Colorado
405,mlWaiHkSUASMFlYQKtOvFQrJAUrshOROVTdLDbPf,Jacksonville,Florida
406,HPHHIjovWisszsnnuKqBcQgOqyhliNTKQHIeffwc,Charlotte,North Carolina
407,kcPQmLamdVgrJQnuqIuCvdngYuSCXtLxHzGcnqaf,Chattanooga,Tennessee
408,WTJySnbKZkRXjUXsjdZPnOukhJTSrubQWaqbRklR,Myrtle Beach,South Carolina
409,qCtgmJhrtYCIOrBvAwljpmcwCjascXwKXijthhIP,Lincoln,Nebraska
410,VfezHZfXlNLibNUOvHmclSGvxaQIMmlHRCBGEaMO,Yonkers,New York
411,MXTlDymiugCcofDibFTLdATCRITXNULuEbjGeiRL,Charlotte,North Carolina
412,CxErfeQfkwmnRZcRImctWNtfKCiWEPNuGTvMyExA,Richmond,Virginia
413,XiFcPWVnradYqmCnnAEdesLHBwYXKFJpmkrVIfGh,Des Moines,Iowa
414,VNpoOfcjitqGtMIDEimHDBjHeCfSFsYHcQMgquHf,El Paso,Texas
415,sIkWziYtXGjQgiuxGOnVDrmPDBjXrAFFQwaBKLmL,San Luis Obispo,California
416,rWlZWRFzndSTrUNjHobhzdIlCExmyVJnkkHiLOhm,Wilkes Barre,Pennsylvania
417,stLOYutSEAQkJqnfYwTGSdduIBmEHiaHpkNPzNhI,Laurel,Maryland
418,eUpHuKkOtaucHdCqGVgeRmnCsXaWCjJbhsCLOEnl,Washington,District of Columbia
419,uqlNmUXAbVdVeuBKEiuijZgOqwsuqwtkmjvRLGjd,San Diego,California
420,QTHdxMtLBPmLkzBvTPUZEFnfskWtbbIGFhFOtAXh,Largo,Florida
421,VMVltFiZnfBbkyoivKHWBqdNYqAxlQbdIXdnwXpR,Las Vegas,Nevada
422,KCMiDiSCsEsuDejorFyQpXgEnJiOzwgkqgBpGmeD,Jefferson City,Missouri
423,uZUBjNYRTvgOrvhpAtcHCsEmQPBmJstwBmUxRdIK,High Point,North Carolina
424,qRHgCvVjodGIoqdFLgWXYTiBSDNJxoOsKhzMUOdb,Washington,District of Columbia
425,GcaRNRKBjvpzjeJKmNjEdVnpqdDwKIDiegXviwEH,Norfolk,Virginia
426,wcPEqRguRpKbOqApMMbmAmkSsmkBKUWznCHjbwgM,San Bernardino,California
427,HZWNErEfWDpxUtZblnXryhzQjWKaHwRGnBCmGuGi,Salt Lake City,Utah
428,KJZGxdNbHbAfSPHpIucWNIKsWwlHFkPQnnqNbIfx,Detroit,Michigan
429,uOeoZFZRrVdelZxGJWwVyxiJgRgaSuSQrOeFONPt,Brooklyn,New York
430,eGaLJUhLFCToiXcgyzZOqsBHkFjBzUfCXRzHrPdj,New Haven,Connecticut
431,VQivHjtVGRBEROFKjkOYMVdrpYBoJOEnjniFLlOP,Hartford,Connecticut
432,dfSCplCMKYJAUctdyRZZCIwdkZEfhhVvMZnqEkwO,Los Angeles,California
433,JXEPpCbQbDIkLUYkEIipZOxDbKvEkIwggyajqkcZ,Hialeah,Florida
434,mJEyyEeiyQSwiNvlMAXGsatzXmwuCHLxubcNovfb,Chicago,Illinois
435,EjlAthvMcoeEXxopJgDtvSmHpMnBnSTNYgJNYQAi,Tampa,Florida
436,UfzrzzzUVYmhxjQAeoQPPmyWCyiyIijVcwQzJMtH,Bradenton,Florida
437,DDsioGHMBCzGqmOGzJKKsBPXoHNWOzrehGDbOfFP,Birmingham,Alabama
438,uEsUGwhlyuvUOqDMHvdMOfpoXInPFDbgVDhkoPsM,Springfield,Illinois
439,KqknqFxhUngtfqPLHHnvccMuxdPrJAKiiLYhiRxs,Bellevue,Washington
440,TioFkylBgsMyIOXHOuTyRLjBUWNLYwsjDWkNURcg,Charlotte,North Carolina
441,vkhSufCdahQaFdrZDOgTEsswFZMBkpyGEGyDOYdu,Charlotte,North Carolina
442,AKXkblOaZFLOiVceMOuCxsqIPqUSgSsVftZJkjtg,Washington,District of Columbia
443,QqOYpsowiZHMDlYadKMVJnkQKlnDIfqfaRUvjyLU,Mesquite,Texas
444,BHuWoXJCvACrWlALRkcehESbFYrRvCpUfyKIeHuZ,New York City,New York
445,MjaXLGtjpVslADHBbNjDrNuKNIWUQphVBlpDlgWw,New Haven,Connecticut
446,GEcdyKhuZFATDBULfctWPfZNreStFzisjoJnnfhV,San Jose,California
447,BsaPfkaZUmdvvPeZFGquNshyOOzdySlhYZUyxzVN,Florence,South Carolina
448,nOteUlViGzfLNukBXeQWTVYWTDRDKIfCCkjLxVFL,Houston,Texas
449,ZWzzIPZBszENNOZaHqiYoVVQkoPLaxLQfKurULRF,San Diego,California
450,ceVeoKucmKYiQuOuizXkjGRiXDyLrPweDXBSuRyk,Oklahoma City,Oklahoma
451,qcXSvZOHfmaRKZiBmrtKYrMLiBitAPDWlcXIDTOR,Houston,Texas
452,wjsstJtcWGIinxUymHHQVaVCdBTBVNMdzsMQyOLl,Kansas City,Kansas
453,WISrVnAoGQHkPuGQOFqqpiHSuRnPhqwaOmwTVgwe,El Paso,Texas
454,PFJrpICjSkyoztinSkBcDtdnMSfOmbKlbpIzJnVl,Decatur,Georgia
455,cWPpcvizLCXiSrTlLksmIglHDOikIMOZEkPZkwjq,San Antonio,Texas
456,olgQadSOBrsWgOhCQKKwsEFWZqaHCSKfTQVaLOtZ,Cincinnati,Ohio
457,vnhbUKTdZxBdQIDNRWPWdWaozdpjHsmyOUXiloMQ,Annapolis,Maryland
458,FKfoDlAeNKIwAMhKOrWZjrAnTzpWpVpgltmVYsGH,Elizabeth,New Jersey
459,xWXYdmZDHkvTGSRtRgiQrVJDuxmvatssnRzrrnWw,Peoria,Illinois
460,GRonEtXMiNWGEPxDqQzWilQZTEzxrzxSJVbxJchs,Boise,Idaho
461,PNMIVjYBurTXhzvdJbSaPZASqmSdjNOYZyIjrnfk,Huntington,West Virginia
462,ovuiQNfkRbHYbBnUPspmTGWDjrzFamPkOTvIclTl,Valley Forge,Pennsylvania
463,AFXTVAhptWxlRLVbdeYbsiLRbiijEjuEmXJJZFBd,Houston,Texas
464,PqZckDLotOolSuhjiLsdayrAmubhySEptjJcfamm,Albany,New York
465,ckSVYgkLVEZqOkzuFhLWebWmFpHOdCZFqgBNWALu,Tulsa,Oklahoma
466,aDJCMZQAgRedYbKVGuFTNuTfJtHmOhDLhwRprZNW,Richmond,Virginia
467,JeObkKhwwtRmcooEBsmUCOStSgUSElYCvGQpcewX,Portland,Oregon
468,SGJyOZJmTrpukFtMhyUeNsztiEUszgMrOSzPgTcC,San Francisco,California
469,AqlLQQygaLTXREpxaLWvJAOoGuSFrugoJAApgVty,Oklahoma City,Oklahoma
470,NRPFBprvORwqfOhLWuRMlEvZHTOTJGmKlPXrFtSE,Houston,Texas
471,ORhMBEQViIWYWcOwcQSmOrkRRHXEaSGBVSsGObGm,Evansville,Indiana
472,KvronDKrCzEJwIgXOZaNUQaZOPcggWIoMgsJdtKn,Boulder,Colorado
473,yzraNLKNJdXSusbbLOcoyBODIUPkTyCrsqdVuQjE,San Diego,California
474,BXSgdTxigLTZRJBptttyXDFtysaQPABtxWRWemDn,Albany,New York
475,wQiCIsVVGzwZNmVfmluVqyigMckmBBvseUULIFsW,West Palm Beach,Florida
476,itRTcpoSCTNYUmDOBMswRLUyWqneQfsXYmgijGet,Long Beach,California
477,LzavBrvHPBGSChyhrBkhNRaJHkkPjMmvvTVzKSoj,Terre Haute,Indiana
478,ZycMUvNXAmqmeDTWUljeeVOxdTUBhmYLnFZeQaCf,Pasadena,California
479,gwLfsiugAGvqmShnPLjdwvrUDSqngnpDLqCyEViz,Palmdale,California
480,rwORxsRgtTsVVqYJbbcEkrKytxJdVpzgvSaMsTqC,Jacksonville,Florida
481,bXDjIPrpfLziuWPXVecKEbUaHpaDzkBkdcVWRxBy,Topeka,Kansas
482,fRsjgQMQTWFmvtNmCRIVQVSHBQHGtKGrHdyLvRua,Hartford,Connecticut
483,yqjartoKiAOEIaKVwVxZUzpQSZyuuOpOwDQaKwDf,Grand Rapids,Michigan
484,ToeHtjaCNgYlFuJPjpcjqFjlJbumCPhQbgobgziD,Decatur,Illinois
485,wVvLuqYhBjlUVtXvOwrtiwAXOZUWgXgavfiQwdap,Harrisburg,Pennsylvania
486,oxqxFLRySbXFCdooGOATaSvyaFMRnKTxlqNHmfAU,Vancouver,Washington
487,vIoXcBuwvSVVZqvcHQuCgrxriRhWAYLnoybdDoct,Joliet,Illinois
488,bUZvwFGaOCREsQObgcRUjmFzSCXmawOBizVUhZIg,Berkeley,California
489,ClmqbgwXxkAaseRKvuVnqanhKZoHDoPCdPetKDlk,Grand Junction,Colorado
490,jRATjWSFefwHoFzqvIieEWcVXvjzpmkbAUfHbaRN,Memphis,Tennessee
491,hinxuODFVIypWYEcIwewwHjwhlaGWzpoKlABvqMy,Sacramento,California
492,bDXeJvOtIFphDaDtLMRIjCWLZZdlYMFGjHBOTmXU,Hamilton,Ohio
493,bUnYQKmtjCvssBEFtwPxrOPALSOWwKmBvHiqTGdN,Tulsa,Oklahoma
494,XpOMAFWNnCxMjTDwbjVeydYZpFmDxNFjdxCstJqn,Portland,Oregon
495,hLxRHmoOrmxZszxaJGBrPXBSMeZtDKBflENaMagu,Englewood,Colorado
496,FXOVSKPBGswWKqWnWGiSLhkNjbgTbOcbbNtmSroV,Ocala,Florida
497,gpFLLSDcbvGUUqflvejDAzYlAoHhFWAwGvuhcswz,Albany,New York
498,KxFUQHmUCygKHkjkbNjGOVHOzbsjVhdSSAZiMdGp,Champaign,Illinois
499,mHTGXOzvkOdzMjdfMHCHYrNweijYeUCviQgwAuCp,Phoenix,Arizona
500,XERfHOCcJNKIGPGLnEsWGRlJWWeqZFRpiQeGjGxw,Topeka,Kansas
501,RrWxfxLJfSEFNRNfBYmSHXZWtTKVycwMTsUYHecV,Houston,Texas
502,AShJiwCDGzqbHhqXArgtrqEyISBPaeqSJRANZJtE,Detroit,Michigan
503,fxrCcjFxhzOmQbgiUzlBvKveCNmPWuJDZuEkgrdq,Gaithersburg,Maryland
504,LFhGifVGSOGLLVFfsvFgcZuJhIxZwBiumYVYPufu,New Orleans,Louisiana
505,eSMuFgSYlNZquTzCRquZxbzUYQfNUAhmbXGcacXP,Odessa,Texas
506,izTEpZYaAvALBwAGKharGjTQHjhNtFXmoeZjLFSZ,Flushing,New York
507,zeQIjsjEESAhVStIiPeWglVnuWRuxAnIbBQgKXBr,New York City,New York
508,bVPGZCwmFingbXBZRwfsbrLWLYIUqiZAZlYfiRmU,Scottsdale,Arizona
509,TjXdyyKHjctYryMGIKthduhNXDTHFlEZHXOcHdPk,Macon,Georgia
510,IsNTTaGggpxaexTwAEgATkMnAaAvvjQXrhzfCGaM,El Paso,Texas
511,RWmEsFmvdqKBeHoNeqcQyrXdyCZRPJGbzkMSqjxX,Tucson,Arizona
512,zuTFxDeLgVSBStxGgNvFLcdKucrIbxaDHrewdovR,New York City,New York
513,jEQjDbefUAQzFCpvLiXYsqAOUXXaDGicaSEhwUUv,Milwaukee,Wisconsin
514,POpThosJMItAJnneeWAnYSzRNySAzoujdZPUYeWJ,Saint Paul,Minnesota
515,WFotyCYwaBKvziqmKgHEyDTHSpqjbdHtOeOGcBCU,Davenport,Iowa
516,MINXOSelOfpSHwXmfJQqcFiQmOGmVAWkyRdTTMnW,Los Angeles,California
517,sAfUQNqbEpLbFnQunGcGxBQMvnZpuNkoTGVEZVFc,Wichita,Kansas
518,ahkintIVhqirsrjlImopnciAiEXcqgrurKEhCWhx,Irving,Texas
519,wIviSUohkpwzPCYpKVLAKlMBbjHXhlLKdtgesIWj,Washington,District of Columbia
520,RkmNMMandSVkJvtodbYTxlpakbCUGNbSNTScTFXm,Richmond,Virginia
521,bNbFSbqPyFCtrkqEYMMdfvqSYwumYiksWlzgmEPC,Waco,Texas
522,OMTVfIeYcTwrFULFpooHdTDZqhiXZfzVgcNgxvWr,Fort Worth,Texas
523,bJedylhariefeDXUCLBqYBuveeyVPLuNxWVUXtXF,Lynchburg,Virginia
524,mwtHKqzgWOpbSseQztfiiQMcaClEwIyZSDiLmdUH,Minneapolis,Minnesota
525,jRGrPbFGSLnSIySuJDqROoBAOUnnXtZISwmzWTSy,Cincinnati,Ohio
526,khyIrdMVhKGhiuRfChGWRvFiluzfvNyVkfsuCySx,Los Angeles,California
527,IlxBjuTatKKfbaoeFxERGxumhiCrlykxjKYsfEmQ,Torrance,California
528,jtijPIdyaGjXySxoqQchsrThuQwnTJJVQKVPnFkC,Richmond,Virginia
529,nGJzmEhMlwdtDOWMYzyrpOLTDZmIUrmlsxnsRZxN,Toledo,Ohio
530,goBqUutwYRQAUNwYOFWijmXHXvJUYfYGNkpooUGY,Akron,Ohio
531,nWKkojocBjlczgAOlKvarEojlnGrGUVGpJBhVYSH,Saint Paul,Minnesota
532,VbihiHYVASWVxkRDdJVfHyyeEZVvDTHCtqRuQQnG,Brooklyn,New York
533,lLycqCuGHMmiLFshZyJFlMzkNAWSRCRvwUcTZMJP,Riverside,California
534,gIWHhUyiPBBrurEbjAGPPVxtBKGFDUJILeBxHODZ,Seattle,Washington
535,plMZzDiclMteKRymlhLjEuxeFUbvHVYRdVnjcPBZ,Fresno,California
536,dtWEUJtVjdYbYZolELDfRgGfhoKOVnzjekUxQwqL,Jacksonville,Florida
537,UbmLiqLPnPWWTCBFcDukiFsKDZTkWwCpbtdBmodh,San Jose,California
538,lrDgGksetUBLagIXbDLiteUeRvZjHsgsESfeZsiW,Tulsa,Oklahoma
539,KAXKQfEOwzzTrGZHeRbSRVkpGdzKFaWOjiEVUfYH,Sarasota,Florida
540,VDWBPdayWbuOmKZkRiObHaIepwonIThwaEERwVUI,Denver,Colorado
541,SsPXWRPkMDVxJIHEgWuspiQYUFedJCmFitVQTynj,Cincinnati,Ohio
542,ivJPsuWXFauCLGdJkoFBydokHRecRFTpAuorWXCZ,Billings,Montana
543,rCnoREiIBBdyxfgUVzLoViLjBnVLfJPAOTRBjkyy,Huntington Beach,California
544,uXwMVTeYCadLrvDcpDFtnVxBiRKtOPCLrhGYShPJ,Bakersfield,California
545,uBDgfuxGjRUdMbHgwySYyRUJUUtcKKALwYEhKAcF,Jacksonville,Florida
546,VOKjWFnsIWkObgMyDlJQupfpEZooZExcGzkoCgNV,Nashville,Tennessee
547,CgleSFkXpQnhPmIEmohVwjBuWzHKuUjJqaVqynaL,Appleton,Wisconsin
548,JLlhofsWZdxZwJqYfvWxzeQllvTqSyQocXumTgmb,Stockton,California
549,FVqvahxlyJjGAWivoVWnhDtTIXkPfmJTivGEuxad,Sparks,Nevada
550,XFLqMXRgMklESGJdmESTstUGXjVGJlOCcJBzPaez,San Francisco,California
551,VQJjVEyzNCECNgEgUkXAZOPkEoyxbniPUrYbkZdX,Louisville,Kentucky
552,iUqTSuMThgKBwWPvvrZJexITjCSgPFsVYbskUPTy,Saint Paul,Minnesota
553,nTpuIfkVOGdIAbrvlslQwyBDOlPrnkwJaRMJqvov,Flushing,New York
554,IiAhGkCVBnJZoxgtXpxwXMZvWmVxjBdcLweOiroi,Miami,Florida
555,usrqGemSQHmpyAbKRJKNlMCeAzVvrRialcGiHrtJ,Pittsburgh,Pennsylvania
556,ckwnknbAeBbcQWAQWLHzZMMVUqeKDDfDVhDbOBRN,New York City,New York
557,kFENNlgzwObJSsldXqdWHEuWDmTFGKLDSpvOrkNE,Baltimore,Maryland
558,qSkhvVnqjNpUAnbbJoLHHvjMZjJdidFYEcnxtLnf,Chesapeake,Virginia
559,SgfHmDGCbmZfyTcdQimdRMGAJKAehcVHCwQbPjMR,Knoxville,Tennessee
560,cgRSxMQeeMCirqyYYeDgPmsDWXGUbqTDmvynhjKb,Fredericksburg,Virginia
561,eDnSMWHrYcDHKMHbFluGcuGpCYhsyqKXykxYyGva,Anchorage,Alaska
562,tXGWVOXJCTCbmHNeRYgNdkjSEGxhoYrlTSENWMyb,Morgantown,West Virginia
563,GRmaNbvzCekpocZzXsgNjomTnmubquhgBAwadbMN,Lansing,Michigan
564,zfSVVUvcNfNHdmcZjfqlJTimkWEjyiSIzBSkrBvF,Kalamazoo,Michigan
565,mEsqVitOphnGomywlyvfLfTLtrYkMhrRgePSLAvx,Philadelphia,Pennsylvania
566,BKZCEQhTclTsHALJdHinCgaTwKxSEuljyZRotXEc,Los Angeles,California
567,IcJYWINCIZXNpwUlTYYlzbScjptIVPCDcWVNVJCO,Dallas,Texas
568,ACrnqatBwBqZlbLISpCDYLwcmNpDnCTrgHohKwci,Springfield,Missouri
569,ORUupQEvMMFkQaVhBtnQGnmWyTdjlJTgdfbiggaj,Jackson,Mississippi
570,lXkTIBOQKTGznjiHgSQIKRQrvlAQnUnCQyPxCyQB,Oklahoma City,Oklahoma
571,zGBcKTfdxucZPVhOYujvhEfnzkcOxTrxtZklBCik,Des Moines,Iowa
572,CRcbYGILpUcwdHFmnurzfEGjcOHYyKDDKbeDcoEn,Akron,Ohio
573,uezcYdfZUTzmHMDTeHsRWIyJwrOjwOVTUAiNMMBH,Brea,California
574,JyeKVCEJODtgsuIvTBeuoXvjmaFshEBDVFGNIesv,Miami,Florida
575,hjOELmnfzsWzhEsloWMWQTxDEiWxonZMHEGKtMub,Boise,Idaho
576,xyTumnFvTIKHItduDEMUGDrDdefoQEFAtpyqVrut,Birmingham,Alabama
577,tLAofMvPEFmcqlLzKhcgIKYDQGAjwwqKdGenzMsY,Detroit,Michigan
578,aoqFjokeHedXpmYWtULVNKhqJNkMPKaNnnIHVbmb,Washington,District of Columbia
579,ynTcvXiGzympkLTzfxYlCazGDNiMeObNJwEXAnkg,Chicago,Illinois
580,MMVbkJXSRCKiVRsnDRmWNnoOeHMLLvNqDelDPALh,Washington,District of Columbia
581,REswFnTMkYcjAeCcrdPCSfomEGNZPvzMCwLbTMnh,Daytona Beach,Florida
582,ZWJADGnzWLrsNdBBtEJfIZYJrchGpVkFBeqBgHHv,South Bend,Indiana
583,iGSTmlyXBMzLvfwhYAvaGOGuSZkLHZbQyCUVkUMa,Birmingham,Alabama
584,HJTuZgwRoKwoVCPMuxovHXcOyYFizKbagatJCfvv,Seattle,Washington
585,TxgLDvsQRlsvJanWpmAhDuIRKEwTyWBytOcYGfZR,Macon,Georgia
586,cyOsnxCGBVAxFWIXkMWpsvtwywMDLkVYHiRzMlhg,Dayton,Ohio
587,zBdbPBtVbyKWXJjhvDEiRrYoIXcUmuTGqoiFtGrM,Birmingham,Alabama
588,JdiDLKLlmMxXCnkBqGRNjjEeQkwcSKYaytiiEDgO,Herndon,Virginia
589,qVnJfRxLPQUsoDObFLnZjxIPXXWPWCNtvsLTFIxq,Salt Lake City,Utah
590,wrpNucbRPvPXKccaSxjBsSjIHmrBzosPQhhIVjhh,Colorado Springs,Colorado
591,njhJQmYCvbMvUGPbyIxRGZiRFRdqibopGfjHwDkl,Atlanta,Georgia
592,irGMZFOOtzWzNioxtzuyXRAOuOcGavqaHFyrawKj,South Bend,Indiana
593,NlsCIhlJwNoTyKfhLszxPTdWoXmbzMaeSWmQKJdA,Washington,District of Columbia
594,JmqplYuhcHVSIsgfDJcbIGHDiuzpfsoxmvZcPDEQ,Austin,Texas
595,xRxMWsrNltXgdsiXDwpMzbufAsCcNRIFlCYohHGc,Naples,Florida
596,CzyOnqDZGtYFxgIQkvdjgfOktlkCIJSabMzVFwda,Erie,Pennsylvania
597,crvBDMLweNJhoNYVUvtBsqZUWkJReMsVshYaBxwi,Waterloo,Iowa
598,JEbNxamsKgrcNmQJIEWjYuObisChvOZVjWIxgTHO,Irving,Texas
599,uXBIqBOCHIltpoZXXbNTACdZeDTMlIeAjjnJGGZM,Washington,District of Columbia
600,swmZjrWukYpHfihLrBwYTsblZRRzcekobQVTRSKl,Arlington,Virginia
601,yYkBKZfdaHyxOFujTpILRhzNqURfYSiCdTeueUrm,Sioux City,Iowa
602,xMdlOCkaunxswMpYaWbLECabCWLQiYAwiiQUhrqM,Albany,New York
603,uUDKHnRaDjVfCLSrMZGjcGLAugYvLRbURjoPJgjY,Huntington,West Virginia
604,kLGutyyWlXdPZiBXngVThIBrvHtHujVNVFNUzhop,Terre Haute,Indiana
605,pEJagINXTNTAbjxnretrqLfbCULVwwwrguEjWiLI,Washington,District of Columbia
606,zWcGZMkrxMhmoFgjvxQswCCdxauXXYNwSMNjICsj,Birmingham,Alabama
607,WyAMcXTiekcnrwBaqidwOTquKHNDHLGaZxzGZKEg,Washington,District of Columbia
608,PGROMnRzDJjAKqIOZowSNeXsqEghAANuzXyNeAlL,Chico,California
609,CwEPGpHFayyjMwuUfEqoRuqhvquVbvBvjOmNxBxv,Baton Rouge,Louisiana
610,EPRXelDlAUPVRONPGGAqqngeYTvdHXbZYZWAIpiH,Flint,Michigan
611,rRkKZINrxGGewnwIjHXKJuDFAxBEhuWUgvmcQjYW,Des Moines,Iowa
612,PLBFXSTySfxxdDIMAujlUdYwRdtoSnTcrUEOcPhe,Waco,Texas
613,YmWdvnHEzxnlJTUovnEvbRMjcWKJZVVFGqCbJuvM,Minneapolis,Minnesota
614,WSblpdlLuIebhamkTJVfkHZMgMahzUsQvaTNGMjF,Gilbert,Arizona
615,pPaTUnSGgLUUDnkuZqioxZxQXZoMAKpOyjbWmVzs,Reno,Nevada
616,CnJzUjzQSWUAGdAKecLIDrInDsWlpSuymilstiTN,Orange,California
617,qaxfGqhhnMcbRgWXVwCdFJiemcTtnCnKnToydvfl,El Paso,Texas
618,RCjZghuSVJFHMVkJamYSAQrJdhFJcceQRzfnoNVW,Norwalk,Connecticut
619,zgpzmWDQCyHffdXZIbrjvdhuTimgrgUjkjWJIYpH,Phoenix,Arizona
620,AcPkmRFnnhoVeXFhcXCuhOigMWCZIqUHVrFQTLZE,Atlanta,Georgia
621,MxlJPZRLkmSrhDfWnxjHbncDKFmdaLrSdsgDTjeX,Philadelphia,Pennsylvania
622,nzsvWGqFyfJmOZnHQHCEZzrAvKbJIeVFJyLgJyRL,Greensboro,North Carolina
623,VAHTAGdcrxrqGblPbZHQPyBUYTPFBdiwxTXAZTdv,Tucson,Arizona
624,arGtqFAaRWVstOyNFBEDbyXObUbUiYAOrAyPvted,Portland,Oregon
625,fDcqkXdRINxzhYYOuYWFFQWqpsTOoZYEIGEvKMST,Carson City,Nevada
626,JUQQmNynPmpnoMEhuInDRlNMarLSkQRQoZKaavco,Phoenix,Arizona
627,dRosaQqHKeiULmUkxUSzMreQRtUUXSTkWoMDAAqp,Seattle,Washington
628,YiaxiAHHroHnVPOscLEeezpeUDXuTyaWEKbBMVXr,Tacoma,Washington
629,sMWSWzCDsaMrdGxazYdEAeqWEEbmZKeKdCNWLByF,New York City,New York
630,JVVlQEZUHNvTnjgmMWLGXEfPaCgIeNZpeRWozexS,Newark,New Jersey
631,boBRDosCXOSeFHDMCKAppNbzDiwLXaEfVJljiBjN,Peoria,Illinois
632,VWaeDlYKRvGEVaDAcZzOybmrrWgVKIuJiNyGZFJS,Washington,District of Columbia
633,tASAGxdPXSvpKRyaIDOAJJYeQunJHYYCziqCEUPH,Fort Myers,Florida
634,dQErnWzIdMARRJlsgVBzeIRPKLBoqoPnIYpiezPu,Dallas,Texas
635,XuGrLcrhqeAoPsPAvyckWQZsDwCJVVaGrCLCSNNd,Ventura,California
636,ULtjIHMcqQFnbrIdLtCVqlIUExmWPOTGgrMlcMNM,New Haven,Connecticut
637,jRYzvCAScRclkNvTBaCnJzUbLXGceSYzSfAErVAH,Los Angeles,California
638,SYYuLLCgrvjOjPvfGGINBalqoqfjDtMCmmIYtIjY,New York City,New York
639,eTmUcSwyLbtXmRCoNGyqDToFOXESfaNPpfxoEmCD,South Bend,Indiana
640,OFsNHdYaKozDNqoaDlUAuYRxAsEPzePpnVvhAUYT,Chicago,Illinois
641,HKAzhkQLGbXMwEpBRIkHJBeRGNLzjdnyeTPcFRaH,Minneapolis,Minnesota
642,HfdGYxNldaTnkfimjHFQmjBnekhSbYUAkcENfedL,Cincinnati,Ohio
643,gSpedhuXFjXnxerUbTkRmDvFehlmmsdZvtRmfzqu,Des Moines,Iowa
644,jYoFvJWvVOUohqMHJilZUUEzHABBcLrQRRgjfdKa,Oakland,California
645,HmGITIyozKKOQwFGaAkuZKgGPXQAANabzHdmsqAj,Wilkes Barre,Pennsylvania
646,rwmWEvuyAvZDbvzFweJBvFhuAMXERUuGYZlwxirm,Charlottesville,Virginia
647,QKyHLexVlDqejaFaNJJswacjcMTukMFOBhNOngzL,Minneapolis,Minnesota
648,ALYeoqgVituBesEWiZNwqXuKgHJvozJEeBPmxlfX,Syracuse,New York
649,nOLvbEjBkMmufuKEeoUvpdYXtDodFlqFRLXNDiBd,Washington,District of Columbia
650,ZlbjfRPZqGoMWPoGBmmMJWgTxyFfGgIjHZzvJTyb,El Paso,Texas
651,VCGiIFfklwyLfVbJfKtOaHswRCbOElWMcfyRermZ,Tampa,Florida
652,dsZnPstJNanKFFegKNrVUkEmqLhHieWDBjbvloJa,Fort Lauderdale,Florida
653,bNeVUKeQvsLghOgpcFfBawKWIEkMGqziQVvCIyID,Sarasota,Florida
654,yjmqhbcUJfmFwAiLxcwihpcAwalkRanujSiIOaYY,Atlanta,Georgia
655,yQQfBPfvzcYTHHvNURJajCQkZRFjKQoQpQWmPwSu,Brooksville,Florida
656,DfQbXqmExRzNLJnbguznZKXeWxESRQecjBozXQBG,Fort Collins,Colorado
657,XHKZwuPHOJZAjzXgHtYxxbFknyRtCirjEZxZVHwT,Fort Worth,Texas
658,xtZZoNSoKBQazXUNeISyOavGJUVCkEibHUSzqOYW,Des Moines,Iowa
659,vpchdQdEkSBsQCzoPhBZZlrmuangLtrZavOtCfEa,Duluth,Minnesota
660,bFJoCxLdQKMtavwYQFIwyskwSogMUUJgUPfQGDFa,Boston,Massachusetts
661,ILqVFeeqYWQSXkgUmvPqZwKHkrIPynkOHYtxgjjn,El Paso,Texas
662,QLPJRPCavmNYCWUtbwfCAlLIfUpxSPmgHMcuFDSm,Seattle,Washington
663,gUbweXMVXjwZPpkTNNSRlBGkiMXZtxiprBbkVbhF,Houston,Texas
664,GzlalADXxUfKRvZnyrUywPSRicJpZkhFilECDbyW,Spartanburg,South Carolina
665,rBCXHNUIICAipbNDvVWVTKBECCFXvWABnPrIATWd,Reno,Nevada
666,acIikFcnSyBgPzjtuUAaYbgymzydbgXqOvUHVyWV,Portland,Oregon
667,HSZVseboQcuWyGLNhrrieTTKFSAulDVnwrPaznod,Jacksonville,Florida
668,clWqNiLEgrifjeJofMKkyFWoDiQNRdaoKzPeNTEB,Washington,District of Columbia
669,QOOsPvzmEAxvDquTfmZbEFvtoyrcWYeoAxCuZLyQ,Fort Myers,Florida
670,zGEGpQWnafpBXScYEYQaojDoCflWzhjFNgazhVzB,Memphis,Tennessee
671,TvIIfIrkdWjbfGYYLARmAhcycZhERvAQPTgrXOEn,Washington,District of Columbia
672,rLuEiMLLvIjbxVohIWdySWaSFUPBMYKkBZDYOkXZ,Oakland,California
673,GHiXOmLFhlRzUPrRehMYJGSTEEbNkUKYanveyeDT,Madison,Wisconsin
674,lpTFXnzHrtsKSMZbUwbuvxkgXzLPwYkpyvWajMGU,Ocala,Florida
675,kYtZryzwYFQFwQapMpjEUBWpwSOfoonElLkvrwMA,New Orleans,Louisiana
676,rwIciORaTvDUSuUbSnkiUSiwSVxTrBoKVLZWQjlX,Lexington,Kentucky
677,THMLWCmTwMYGlFCxLgUkWlEuCrtoQACcirjlyAPp,Wilmington,Delaware
678,ERsxOzutVulZljRLPNTgHiaTyiYQmMSwOApKeZlr,Washington,District of Columbia
679,FPlvEJQtADYlIDzdpVjnXnquoFrPAOnimvJSPZpc,Las Vegas,Nevada
680,WkBzMWtpUXJZytayallhcGpQUHEcoJazkzJFUqHu,Lynn,Massachusetts
681,NvwUIFnXnWTYBUVWovWJmFHlXdeWrNANlfxiquTI,Houston,Texas
682,CqdKKYWXbnyKiJfAWRdauAhlsuclxINPXqRcsEnR,North Port,Florida
683,FgeeBIWjrZqJMZXXmaItJuzdaXZzgFDrEhCazsea,Baton Rouge,Louisiana
684,xVcDihxgvEkrrxCVfypYgRngWezFGFPtzLmcWXlp,Orlando,Florida
685,QzhQQypHIPosrbvWkoFgBMwZzuyTpiycDpuqCOIw,Buffalo,New York
686,weSPqIvImflpRcCbLMngKIKZDVVDMlexuBxcKCMT,Arlington,Virginia
687,lOQaYsgBPrNOFRoKZqOIpubeHNkVXeEwBFgRzfFr,Pasadena,California
688,fixqEsvWKlJjChgvJAaZmKtcKlWuenfrPHnhohMI,Manassas,Virginia
689,emnVTjENdwYzNagJCAMwHKxFrHvTWnjpxGcjaKcu,Greenville,South Carolina
690,yQJbWydVwtjTmjWCwlhszRoMzEQkvQvxDjhtksOX,Texarkana,Texas
691,FXisoaYAQnFvUPuqNamdPfVDfzmXuQJgEEbuRhjn,Chicago,Illinois
692,BPKagrfSKXMevAdOmJlGSQokMtkXLaHqIDHDjPvV,Aurora,Colorado
693,rbxxHJtOYzCTAPxeMchXYAqYCedheuMWHewfolTQ,Boston,Massachusetts
694,toVyipCyiGAgraIxCYzkJlEGvfXyoTPbVUgYrNxU,Silver Spring,Maryland
695,BHPTsLOuAAdGDWoMLYkaPwSsoFAnVJzPtfiaFDCI,Amarillo,Texas
696,JKzJCMqUmNKEagUVMixqxrdmyzDUYbjmcBsGZVCu,Las Vegas,Nevada
697,QKvRHKLiWhZARxkSbtdExeMyMKjzEsuhgggzELaW,Greensboro,North Carolina
698,ykhbPBLZLOYbxCrtdvibsdBCRzjrckRGqucNAuSz,Laurel,Maryland
699,ZhDTwuhCxdQkemDsdhdwLvyQFNtGjLcKCkNRaFdd,Saint Augustine,Florida
700,kWLFqEyEeZPVMSVqTvLCxamuuRNwgtLBShKoAeQX,Lake Worth,Florida
701,HsYsyRrPtsCVeWsFaudLbEryQIQEmISZVjxUyNJj,Memphis,Tennessee
702,FNgrJjjRSbrpoySprSntDDMZdrmLGqfiQUNgdFIp,Danbury,Connecticut
703,wgUeXgIlRnClyUkEQEQvdKBXJeAIMkiCjlqAxXQL,Philadelphia,Pennsylvania
704,ebDwpxFhSZBJrJUxEXkdOaQcduTBogJLTPAqFSCP,Reno,Nevada
705,dCeuOfTACrBhXuawDUUyEiuBSqplPQFJLtHjZyHz,Dallas,Texas
706,WeJwQaUGBGmiHcURYEQlkUSODxTNrJedPeXpQNgf,Providence,Rhode Island
707,NquZCvsFSGYpNVMkLuGDXiLLCahfgEMhaRquZEoN,Philadelphia,Pennsylvania
708,KVKYnoBgwfeMfqItUMKllSToohcuULYGLofPrTdB,Tacoma,Washington
709,SBfUlchCngAQrYFzGoSPOvJubbhhhgKRubvxVFsI,Albuquerque,New Mexico
710,HdxaRGUFpfdPJPZWlGeTuYuZOYximSOEqlSvTkyq,Dallas,Texas
711,CtALEBvCRXoAJnYceAxRfEwZQdOUnMBVdYSZqwen,San Jose,California
712,jDgivLpTxDKmFkvvjhBvYhwQdLuKOfdejqaPVxfr,Saint Paul,Minnesota
713,MiEUojffcXkMHnBPaMMWtfaKJFlLGbtHmpACUZFK,Round Rock,Texas
714,iwFoLZsRRkXpQRctiKTTmwCEsPFNmeRBkksZaHgi,Tulsa,Oklahoma
715,xnHebZNaSBMybwsSbXMJpirhdjmlPbNJvGkTfyRr,Greensboro,North Carolina
716,QkNrdQnCZKqOlkJLUJqIBmGnBlyBvFuYSSgKnwra,Colorado Springs,Colorado
717,FKWGjbwaVkckpFBKSyaHgoZfNaZuuikZiEYZRhki,Tucson,Arizona
718,IcVyHShUznZGFExMFwHidJYFupLUDAXcXKdTpUhW,Las Vegas,Nevada
719,HvTJTpuSEBvcojkeFcGKrsDncPDdnONkDSahEbas,Minneapolis,Minnesota
720,kjnkEgObmNzYoePxRcnpmVXtAoDzECUFfSuuztRy,Norfolk,Virginia
721,bMOZiELIbhivAATbFmdRPOXbuOFflwYOmrHvCKUW,Fort Lauderdale,Florida
722,nKcznmwgroKIxgLyzQnfECXdmtAwpVnmiOQQEvvc,Virginia Beach,Virginia
723,iVdwmnazvxfPGslBbqUBKVdJzFoyBDOkxUbqLCoU,Buffalo,New York
724,jvRmDeOjZBeZCpyDoyPkHJtGVqmlBjIPoqiphBoT,Midland,Texas
725,ehoIQlkweTFViRaUtdZGXyHlBMSKgZjpMxrRubMW,Huntsville,Alabama
726,KJFPlKgzBgRKyuYAAxnwiSBTCrzmyqYaqTUHfFJn,Columbus,Ohio
727,mFRXDSZGONQEAmoqdplRAqBuDeacIhQwVDFZwjJY,Savannah,Georgia
728,lMeVcZdEGVVNNknYsuEKDlDxhfPAZilFbXVgKajQ,Chicago,Illinois
729,CZJPdeaKIOfytPOjUjnogIVnCavlKweJqCtExznP,San Francisco,California
730,upLnnKLFMTQTQxcvUITCUUCJromhurQexveRVUEy,Scottsdale,Arizona
731,PqzrGSupXVzZcGQpGIfdxDWgGcflyFQMDLvAQkcR,Austin,Texas
732,QbteNmxdCDJpbFIfuzJFpJVARJOCJVBObrbTpDpd,Hayward,California
733,pskPCWuQkPdltdFRTNrGgYraMncgPrTHvuKsbwcD,Fresno,California
734,IiRxhGYHsUSqiLXttPmTsAJXRCuwHnpywlqxkBPF,Cleveland,Ohio
735,VhfbvhIMetoLfWONNqMwFSSphbUYKIolFKGyNUxe,Huntington,West Virginia
736,XfieGyJNZoDgFXzmXhvfTwgQcmDgEtTnSfXFPkcW,Sacramento,California
737,jjaEOzZODrfYSGCEqOQonJFGbfOMMJLedGXjDfKh,Gainesville,Georgia
738,IPEDYMsNpBwMfenuTirnZynVteIkQzFEFXRgLRbT,Las Vegas,Nevada
739,IRIHpItRMFaJgIwgHhdTybwHjmCgHfOsoFpadPsS,Columbus,Ohio
740,AvoaNiVJkgXddoTPOCIjIaHKIviupDKruiaMZdbM,Riverside,California
741,LCoMrYbWyJaZKDLsNKsUecKJUBnQNEwTKjZuVRCg,Portland,Oregon
742,DOGRQAIYRiamFekiGqqIuKOTbvlTERqUvLaFITNV,Washington,District of Columbia
743,WwnEJmNWmsqrLqgcKhsDPVWRVSyEoeTemeQnncDo,Charlottesville,Virginia
744,KXIfDZAaXpDSnZPGCmHYofdlBhXoVZJtJjAgPGuJ,Pensacola,Florida
745,SEGszEgLWzkfYISygWgoucDHtuaYWKNbUWiQLWWF,New Orleans,Louisiana
746,gBjMoGEvnQDeTHsqMYOQHkBPfqcDlJBAuliSKypr,Baltimore,Maryland
747,IoKBooqQZwfwzNcwGxfElvxNxhXovuBpzNmLKInY,Apache Junction,Arizona
748,sRtopSKcIWXNOZAQrmiVABjEbpEehDySgUYcXbWA,Lafayette,Indiana
749,iVnQYOuKNQNVKWDiGwdjbjSTvalqgPuZimhTlcFM,Young America,Minnesota
750,JGIWHWrtkpahxGcZZGlyJLPUQIPbCtcjWFhcUUXB,Columbia,South Carolina
751,YFLKCtNZAeEanbewziSETMlQZBFpxtEZELaaAOYi,Visalia,California
752,XSFHjjizHMcxZxYXzOqksvbZUpmvFWWxpZHKYMMh,Galveston,Texas
753,ySnDLXXalZNKfxYSsbhaStfDdBXayVvdhUrECTan,Newport Beach,California
754,NYEeiKMXIeqnxQjWLtzrPIRLnWssoqMJmiMJgkeB,Fort Wayne,Indiana
755,aqSzDpJNypmUWsLJmeCuAeuiRDnjxWjlrzjcHJZx,New York City,New York
756,dohHOCyktONYnGeQAyxoDSOENZeZzZlOlUtUtNDC,Peoria,Illinois
757,JBvKLtgqhnjSiGezcJogQXGTiYyuAICnOCcISJHe,Evanston,Illinois
758,jiOWIyGRJlQKumzfbbwwUmCGOIovWPqnZmlVLUUV,Trenton,New Jersey
759,scuUZLghdApupKrOvrbZGFyfdkxQFKQkOLOTodRS,Montgomery,Alabama
760,MOqUvGtQADBmvhHqKyTyWvvkxpqUMpwKqKDEqemg,Springfield,Massachusetts
761,NyxaTMDRAWzLVAlcNppvRyhpEpAbFIljnSomxTjU,Schaumburg,Illinois
762,LCMMRLkBFnzeDaLKYkWBUHTNWarRrLcwMIHdwDFt,Houston,Texas
763,ajQoqYhVpLQOlLtAopAccSjebqGGWhGyHqhObhFW,Houston,Texas
764,zBcKPPjKixRkYObVjEwRFQbHhgCkpuXdpPOkLhHz,Johnson City,Tennessee
765,OSWrKBjpPMzZGPPRNMIKXShTDLOZoewJmFJzmFKr,Washington,District of Columbia
766,VidPwKSjbcPfPisCkIupeNpgfZLQyyhFqTldLgGM,San Diego,California
767,jjMZJoeDyNKhILIRYCBBeMRGXkHkKPXyUKgYDSQV,Los Angeles,California
768,xHCkMOrvFheRrnjwXSUfovssSQsgtXxTUUVOmHPO,Portland,Maine
769,zYYOOHYhQcQAoLiNjkqGUYniWmFmpOrowWNcsEoM,Montgomery,Alabama
770,CjneJhQoyFaLYOaKUgjiJQacMWUdDhDTfonAUBxd,Frederick,Maryland
771,ACwFMpawZAXivPorkUSBmZsJgideFRdVLEYBAbOv,Huntington Beach,California
772,ZEBUxFdJhyJkrxDOWFcxEkiPtjsZZJBIwOUSQKVL,Portland,Maine
773,LYXhbolCZMGrBaPAziLLoNdzIyDBIuojnRpiUeMM,Brooksville,Florida
774,arQpsAJBgEjhrUMScRbDQNxRPRmgidKYnLsFqNxD,Reading,Pennsylvania
775,BPIoNyXuzdqvZlhMpGJnXWPKIWrGerUhbAcbZfHi,Arlington,Virginia
776,qpxSCMRMSilVnTmvtOwTvdDjDnVMawqTBReAHkyF,Washington,District of Columbia
777,gJPtBITilpSwQwJcYHCWlCPidoHiqVkxlbRyWEVF,El Paso,Texas
778,NUvODOHRQcMdvvForTxyjiOLRtfwnEFZZDazDDvB,El Paso,Texas
779,cYEjiQSPcWvURbQcrdIgwanZbXEuMyfCIslUcmsQ,Colorado Springs,Colorado
780,PCnsjujXeMcFcxIPASdwXZNvBcLEQtWhylzpgSeC,El Paso,Texas
781,skkyqcmqkJPhGiKJBCEMVXXQONHOOxgFYwYUdIBd,Little Rock,Arkansas
782,viKyoIDMQzhAGWuwEafUnNJMoYPuIalIOfFKpdib,White Plains,New York
783,jcPorasTSVtNpuUsUSTcarHQifwrPJGRAwWnkAfc,Lancaster,Pennsylvania
784,BbWxWYXkgCHfjUqdnsjnwYVBptVBbLiXQphSOHuJ,Houston,Texas
785,XGAaIUvMCSfpKcXPaEVkrfAKhxzGHAXaULrQgrBX,Santa Ana,California
786,mNhERcyVpikuEHuYxkoLxlnyyLVGIfwEWWQZsFSg,Topeka,Kansas
787,UIJhNPmBFscuYVasFznDaZPaHywFYVaZZBOuQdeW,Lawrenceville,Georgia
788,deuTdAjReEbjpXgqIAGvVsHuILJabDsgdipyQGDr,Lexington,Kentucky
789,xXWoaEsapxdfAQotXRhaAdSRtJZPqEqNyDeoFNIj,Naperville,Illinois
790,qFWVELsdXkyLvUFvPOOSyhCiTiNiIZKoDVJpAgRm,New York City,New York
791,qZoYTCEgBFrVYxRajsNvdpdjtfbLWMkrJqNsVzPE,Louisville,Kentucky
792,DsYgeitnHuWsSmwBzIxYzIsRlIqrefiDqMOQtJSO,Houston,Texas
793,xUnhXJhfmzkkvFbxsWnuupJvkpjCPZbkgXEwxvqB,Houston,Texas
794,RnYXwQiakLHOoVXGfaesfLAfEWXpLUtCxXXzkJpu,Seattle,Washington
795,gwpvJmfYbeEbevdqhubNjYpeTmCNEcuXbKgBeJBc,Washington,District of Columbia
796,NngjCbvpCzVpZqGOIRhEUbgWwbiPhAIwahOHggkx,Rochester,New York
797,ejojmuEBkIzNYmfcOflGbPPszyhNunmcXHrrAhmx,Minneapolis,Minnesota
798,uuArMcjDZguOurxOAKtrEilGulDhrtHLRBADrPDR,Baton Rouge,Louisiana
799,BiSyBZgTyMSKvNBkIbZREVKoeDOMYmtnsVauGdfr,Fort Myers,Florida
800,SVzXfWIbTeNTUnofNDWilBeoIHiKAcwyIietTzdC,Seattle,Washington
801,qzuVHEELFbmUGRcdgIKZSjJKAsKDdGzHJwjgzgpb,Carlsbad,California
802,qCQHWCVKzEBtFtkHengGDNftIvQrKloZPafFOPPl,Philadelphia,Pennsylvania
803,ejIVlghmMkMMDHPUHbTqTZaCnGPAUzNLZdapcirQ,Roanoke,Virginia
804,aLNlxFQrHulKahjfYBATEjejHyGQxFpbwfaINflz,Boca Raton,Florida
805,CEaSLDUWYBnspqJtwhraurRYqjuVzNaqammCwaoC,Pensacola,Florida
806,pzSunIAGIAferJBbEmZUMlIloosdSsWnJtJEsuPw,Chattanooga,Tennessee
807,SoLGibHOhzuWExHFJukyVTgNHSluFDamavwWlJuT,Laredo,Texas
808,mhSlndmimMWBANAaDGWIyySujeQIMoicOnjTSlyw,Kansas City,Missouri
809,ShjSaEEXJhSZNpAImDROFllInndyoIaSndXMwCDe,Las Vegas,Nevada
810,eOPYrdlPamAVvRzXEDslfSBwJCITzKHNPFsUKLPy,San Bernardino,California
811,nEpLLKMygUhJjuXHcqaVdyraUoaJBxvzYdARFtUv,Toledo,Ohio
812,WUVnZfrTRVCbVYwLOjXJjVPEvYtabSdoZTpDyKwU,Winter Haven,Florida
813,RWVySwSPVWPLnioMrFoOtErpUmBKhuYJjxtsRYbm,Grand Junction,Colorado
814,kWMppjTOqFqWuNAcIcBGpYoHqRVJVKpbbohOldOa,Pittsburgh,Pennsylvania
815,innOkyioakrrIxACaxzUTAGEWgaHQnGqsrDmTYEC,Saint Louis,Missouri
816,tHJhlrRNAMvBmGCMjZCHcsZpcpEJXdPCURBugkuD,Springfield,Missouri
817,nbCScYetTtUqgbTEhGKLcYOavVnwBFqsRzjPErCU,Las Vegas,Nevada
818,qLmfRMQLKFosspwWpyfUukPtFmsBzVmWXzOlynHU,Fort Lauderdale,Florida
819,rtYJwGBtzKCTyCmQNsZgYItVXnXrNOdmCaYQUHDh,Sacramento,California
820,CAMMDVfvgissvAcdBMXDfKEOAeKlDfucwHHPzBYV,New York City,New York
821,nADSLHbHWpJKZUnjTCyUtkLzywuoKRFjLrdEmHly,Springfield,Missouri
822,vATVppXfEkoYuMvGWKbNVSqSAwFNFkiJwpmuttII,Newport News,Virginia
823,mAWeWuTXnaBwvyMyZfFaItdptkLAJhtktpiuyoJS,Amarillo,Texas
824,ViPMeEtfjqxsxlJDcsffSZrhYdbjEvgDGotlGpbo,Reading,Pennsylvania
825,xoDniNJBLrwFJJIRlCAnaDUhCdCfXiYyAJHDGiFq,Sioux Falls,South Dakota
826,eNTGhQbdHtnzKGgMcsKREYVHveZFZZFHqFgdQmrB,Billings,Montana
827,yfPNqkCEkepfmroJVieIcJseQVnkGvgmsiNMGYNi,Lexington,Kentucky
828,YStVYIdqkBMWayhSpYmHbiZDFmsotabhssZcBzCn,El Paso,Texas
829,ZejEwTqSOKMeAjBAookqlFAIngJQXroNLkePazaj,Oxnard,California
830,OWWFNFOMLQwkzeswbOGuEEiHQfrEopUvKpLuixKX,Las Vegas,Nevada
831,OvqBQWpNLtUbEJpJaifrcPRPnLQMNQpaZUsnFFwW,Augusta,Georgia
832,yedfvGdMoiMDhmZpBqJsVWkijOBQJJVFcBcNidoN,Santa Fe,New Mexico
833,sLALSwSVcGaiPHNQgdcKAXgrWSvHfPTapNgGrkwv,Asheville,North Carolina
834,XNjALGOKHBtDJnRcDhbWnjxLhfWETmhYRvMOkqBP,Montgomery,Alabama
835,KvbZuuTPgoCQpAnmQkTlEebuBtEFDIFrOeJPNOrc,Richmond,Virginia
836,PmYYuOaoauvaDZcnmKsfswUYkPSiZcaWVGCatGTW,Rochester,New York
837,nZKfebqPagBWubISOANhIEsAKZSgCnbrxHgYZQaQ,Buffalo,New York
838,kBhjKwreIhUTlvcLZeWLJCdsZuiunbRTOmRKanfM,Boise,Idaho
839,jYyvEpRuUXNYxkJnmAsDAVjpueIzOStARcUVuvkr,San Antonio,Texas
840,GGWBHJAjxKFqdzwvIGVKkzYOsBxyaPWZsCBBQijW,Baltimore,Maryland
841,OhMrYmnyVyPySSjrqrHJJHaokRUkRhiKGShAxkDR,Norfolk,Virginia
842,KdUNUuXsQfyMLFqVkeVykyYPpVjkpbTKnbcDqBWe,Longview,Texas
843,yDzQwPMFUleSPsrqokuqIAAUjvLKQQeWUwlPeiyv,Seattle,Washington
844,thPHqkDnMiHZXOorrCphdICjSuXFKYhHQNFraYzC,Memphis,Tennessee
845,awxTyZwITFYonUCXVPbCDtVjliqjBkkOOpLLsBIb,Mobile,Alabama
846,jZMlLrjLPeZMTWxzDGiDPlBYklzawZgTXpeesgOm,Las Vegas,Nevada
847,SdBumIiuEinIEesbYcRIhwnCfolqZgCoYEggtcRT,Trenton,New Jersey
848,XlhoTXEAJsQWNoxgtPKpUUhsuKaFlSHqxZrspAtC,Levittown,Pennsylvania
849,nBHNzTCVFDSEZZOyQCPiTfNkmEKsWOWvhbYfUSny,Los Angeles,California
850,EFcJWZFfgkqRsVjeDlnWOvjpDgWiWwgNXFUhovuf,Gainesville,Florida
851,xuUhxtlZTirGAsrgWNCCJnmZVzimURmwrcHdJppT,Wichita,Kansas
852,FQPAdGRmxUOUiiJmqelJvONwtwoDllybnwGrcpor,Fort Lauderdale,Florida
853,NuFOpivRndGhSKrHxrmoSpNCbcaHRbXszaGBQxfG,Fort Worth,Texas
854,gVuyPRILbskhbaPVgGacTApodrcIUgAXJXapwcbi,Brockton,Massachusetts
855,BzTAEKFcuhNHOclxskodsVbatUETRDybnPjCIxXX,Tampa,Florida
856,NGYZxFeMVVRtTWlCOBaUgQvEZgAMosOCnWgCZQPx,Oakland,California
857,AoTZhjqVNRVTesmakNRMdWZicBDLAntUOjkJRdku,Tucson,Arizona
858,JFLpkcMFyUkEFgbKVtwGcudunYBWkdncVtiFYFNU,Boise,Idaho
859,yBdrxHSmMgSDUwucOKLSdfbjqYXtvbXKQsOmsAem,Camden,New Jersey
860,ujvSHHfJKPFhbdOVOhCtExQpgHfaieyrqBwwXbMh,Brooklyn,New York
861,nSeGcsmhMfRLJGBFWUjwLcermwZbPUrfyZqDDFcq,Spokane,Washington
862,ULVqwaxIiSlovpzLxEMKKBsEfpHltnHFxmlMMpzu,Washington,District of Columbia
863,QBlbnEIQmFOAyJJBqyFrVaRpkukVNYWweWVrDtpL,Paterson,New Jersey
864,QBGlYmWsasCTNhWrewIMBmhQVXIgWVIOGynqLYRJ,Birmingham,Alabama
865,MjWGcCeridWDhNJQULDFPaLOhnUxTSzySCcpSMCn,Saint Paul,Minnesota
866,TythnJBFfuHteKQkkDhjAOJnVKtWfrYlaLeklhGO,Saint Paul,Minnesota
867,mAdVtgwXRtZOyAIBlCAnpoYEnIPfvJnfsyafoQqw,Salt Lake City,Utah
868,hEyJowwDPzMANdzBdJFgWCYItFRSGViOLkPgtXVa,Pensacola,Florida
869,wxkYmVkxRAlhwJulqlSaLubMeYsecnAsJiPcYVHH,Grand Junction,Colorado
870,KvEDJwXAWMCNgrkNbAuYcnivHJMUHrMCKZbgVPcp,Mountain View,California
871,MCSfyGvkfqsyrDwJamTiklsPbtWQwejMSnEkWZUr,Akron,Ohio
872,HkJYICKBAGVVSXveBLQfcsZrLFNfOwynuYxFftbM,South Bend,Indiana
873,WcsryoDwgTjLkBHPPGtXqSuyJDBKSNEohXEqqUXR,Mobile,Alabama
874,dAAMdbypoCOHUlsFHpDITfDoiGCGbCcKfhDyUKOT,Dallas,Texas
875,TlVtfXWeWeJxcQCWMTeUixIyTHMmpwHMcMQvnCwm,Tampa,Florida
876,vusAjwTNuLktJfiBDKaiVfBzXyNMVChrfPigmDFd,Waltham,Massachusetts
877,ecnuIgOLWDktGhagqcTGmQIcTxAAnSUdLjvLiTDQ,Reno,Nevada
878,jWoZfmHAPAKUlXcxwHWeooQrJbOdlbYdNWPIvvbM,Virginia Beach,Virginia
879,hOCioLcPDZTxuMEbubmWjdBTIiaTEJTiIsxfQLxj,Gainesville,Florida
880,oHVFVibmHaaQoYETVSNnXxgWgBBoRXADUzNdNunM,Arvada,Colorado
881,iDeNZnYEoOAwGrTGMeyXRVBHXMbkHezUYjNAbmTA,Oakland,California
882,COfeWrmDrsRQAJsHVJvpTwzpQGfhkDVMsxkbJKgx,Topeka,Kansas
883,NfzfnBPeipyzUEnXzeMJJAQYFDrgwJXXYPPJFBpB,Fort Myers,Florida
884,VcoQkWBkZRerBDHyvrsaYUjDFbjOVtzJxavGVCYZ,Carol Stream,Illinois
885,IcdoxcurXyqwFeHWmQpNtxhtmPLywFaQPwEdQfub,Pomona,California
886,VSSyOsFjyLAKEEXiioeBToGudmmRKVTtsFEnwcFC,Durham,North Carolina
887,eiIsaDTqpKTDMevKFkmzUOTGHGtZxjtsWTIHMeVg,Erie,Pennsylvania
888,utoqfilEDNtGATnRrEGdjfXiIPvLEOYiHlWoNnUm,Norman,Oklahoma
889,uBsBmcwRinqXUXoarddCFVuOiOApQUHGPxivyrQS,Duluth,Minnesota
890,RZFdAkzIcguYqHKIBtTbXIjjVVdNyvUncDSOsmuJ,Saint Louis,Missouri
891,SliBpPFkWHpwkgfbCpozqCfQUkhWUwIhjxXtJWoh,Albany,New York
892,CZTWzefvBcAYGuakfwDJXjEkbLwUlawxgnGodBqN,Melbourne,Florida
893,qNkTOSwROlYwupDseTNZcSPphskJLaOTcQimzftd,Rochester,New York
894,LssXTLlXoEQUtKFlfNCikGSVPdGNMHitulMyFQNX,Omaha,Nebraska
895,MkuvAYgVPAINEmXTQOIsFcPcICWBmTPWxlIfHDRa,Baton Rouge,Louisiana
896,hKmjhKBBDUhnLPWwCswxPwzDJqgUxxVYiAugbvDh,Terre Haute,Indiana
897,xhDIdNUwBYkaAgXHbGErwqjACduAnflTCDZMvYOm,Springfield,Illinois
898,nJfZLNourcLvEPPgUkNJWLdDYVYBBXCtgRSoaFGF,Daytona Beach,Florida
899,XyPIdTwDehVTRFjlCvCnKWupobHewqadtGPePvEQ,Birmingham,Alabama
900,ZkDauImfrlZFJqWlOeMvdSVYWjuzsCpyTdjeEKHG,Chicago,Illinois
901,dgJSVcKKjaifswQxQhkEZlvZAYLlTAYxtlNLhIre,Des Moines,Iowa
902,uorFUEYKxEJgnApsHIqQJxvIHYzybzHfnkmppiYR,Chesapeake,Virginia
903,ISFhhXjmuLhlYsTPvMqVQiGEoPUSkaLrYviOpjCZ,Roanoke,Virginia
904,DdHPsqkcgNyKTytRmBLssrJlXdbSPcJLDNrRHshU,Miami,Florida
905,yiqLCXgUMgsXMxZPXLDiFtkMueinwWlnncoqiUor,Amarillo,Texas
906,gDMiVsDPFoMUjIhozYHVAGpbVcdEvmnqZNLmllNo,Mobile,Alabama
907,cBRKONPEsNWQHyPdsZzJkCVHqxAKuDucgksISEVE,Daytona Beach,Florida
908,GNljrlXUdPNCCueXysKFvmDqyxLzbiofeWmkDeQT,South Lake Tahoe,California
909,oWjeBsIUZjwJoTRhlQPiEUvOHuVWXFKXwdoTPAeR,Saint Louis,Missouri
910,jRCHwosGmoOupsXhBYPPqqdJjJCsRZcsWBGXswWq,Tucson,Arizona
911,iZizETXECSMwglfLYTXslgCnEGDTLoJIhwhQYusn,Baton Rouge,Louisiana
912,ajkxGeOANJfZOrtcJSeYHaTJdkJdnitVhSxpgXJX,Jamaica,New York
913,ahvgwJcUzlOFiACYqPNEOEFmRpxaRKMTkuKzhmGl,Albuquerque,New Mexico
914,jBIVgyNLvUsuEmYbuPUTIzLstmrRDnobFQkBZuAG,White Plains,New York
915,TzoaTiXPRmdRmSkksybxqNbhyKzsdzzvicFhzpGc,Buffalo,New York
916,tuTYnOacUlYjuIuPTXmKycIRcSmxYnqQmBroGhUr,Charlottesville,Virginia
917,cCBqJFEROXQztRceVyjhTAZBFPgFtwYXKmycDTKI,Duluth,Georgia
918,wVUerhqdaFDRHCpVWYoYfVQWhPybxzSiFMYQzRZm,Jeffersonville,Indiana
919,RRizCtjCentMKkWPVPuvuqfRIuSFmfPMgIKNEnCj,Omaha,Nebraska
920,YsCnWRURwvQbKyglxtNrVAOeVYXHHpTHRugNCQYK,Portland,Oregon
921,sIcKSXOGQqFFoEVJxXwlQSThnEaVrefMqbtVXfpV,Young America,Minnesota
922,XBoqNzwOCLyiAYUqojxYAaXrfYzDpwjpLvoNfLvS,Woburn,Massachusetts
923,ciRUladlLVGzNFNqSIlpBtGHMDjNqdKVgXFftJsM,Valdosta,Georgia
924,BRWRAilkSGXSHfZaWHbgSRwvliIMjBFFyyHHPoLV,Honolulu,Hawaii
925,ZwwHTcOLuHbDfvMiYaLIpSpVcJaKZXMTQRPDSAVx,Las Vegas,Nevada
926,jDrwfdzlgSJndFlAkNbwFuElyKIPbONMjWFXJuZy,Lancaster,Pennsylvania
927,EjhMuJivrXNyJswwmVpTxtBBLiyACmJkGkqwfFDg,Saint Paul,Minnesota
928,zRogDMlzPPbwDybjoGIZArVvTOnxXcZYggJuRBmX,Jackson,Mississippi
929,FhOheECIQkPkMnpapjgNzRMziHXxaYHbTtyLrKzd,Lafayette,Indiana
930,tIfIHlOlOeZygrYsxGeixWhOtaRSmAQLHOhuDOyw,Omaha,Nebraska
931,HThkCAOpBZqSZyYNwxZQYwpKMWzaanNDbyQAHpCP,Pasadena,Texas
932,pLjOaiOVsjtSPATxfGMNSQjEvBFWJNQSEHWKPgie,Portland,Oregon
933,EvdncgmRnniFjprJOqbaNtaYglofvawoIRjDVRVk,Albuquerque,New Mexico
934,ooIpgzkjHQMekVzILfFNqPJrowILLHbjBrJLurVZ,Tucson,Arizona
935,jlUUWNRTAHRWqhqTzwchDKoPnHpFisTaaQOnGSwY,London,Kentucky
936,GDgMuLoVOjdRJFSWviuWdMnwJGWebdRkcCcoeuih,Decatur,Illinois
937,HbdGxosWvjtSJEfsnEutASQctJOYNASAQknozIOm,Macon,Georgia
938,ENpHeCuCNZPLJaazHoMMLwMoRQdzcfkZpCOjMfuw,South Bend,Indiana
939,VzmnSHpEvRYUfypLAEQyzNfimzdKNGKdRRieSXtQ,Miami,Florida
940,MAuPbbWrSmjrErlsRhkvGBFDNKXhtXGoKcnKXwGd,Santa Barbara,California
941,wehcjjGjRbSbYAWiSYtOWCzZDnjriiKOiYwUKfKM,Pasadena,California
942,XtwBWppjwxZLpapZunAiRBwqrSHMHEydLyBHUQBg,Harrisburg,Pennsylvania
943,VSHcDgWACpNZfeyuQVqKyejrZMjhzgxZTmbyPYQR,Worcester,Massachusetts
944,rodaILpREAmuYztcGztBovHTAgvbFFRANdgBMpQZ,Irvine,California
945,YuIXZlSQOBTMBTWiYMdmkbLcShMjCvAMyEKOKtyW,Des Moines,Iowa
946,yDDAJJNiCsGBwRpidZtppuFnzwLbZByLBBvzOsDQ,Boston,Massachusetts
947,fomfIALsQnjcWsPHJLiDkePiZHHGDngiIAgHDxiA,Lexington,Kentucky
948,KnPxbrVcsQEWOuwvLLMJcPKzOIXSvSoJQwpFKQVh,Bradenton,Florida
949,PTBpPDbahxCHTHPgxpufXwbcQxHybAIKjsehmKxc,Washington,District of Columbia
950,rYyxOoeFRWpPBYdOuKddrwckfPfumbctvwEISXNB,Lansing,Michigan
951,TbBToJDheJNYEjQTNXMoVsIxvxCXBDRGpKdjhSJF,Sacramento,California
952,JkAKpeQbtFlIJCWdSMRvPHxHyNFtptstIbkxRMYm,San Francisco,California
953,YZLooFYZLqLEBxLgaFzFBlhSbwqsBbdbishedFLU,Monroe,Louisiana
954,iAXqHfsJcgweHFVSSwRHaKQYPzXTcCCewCTXoysA,Lubbock,Texas
955,DvcjUEMSUQuvMXiOgKDiNUdTyzGkFxqTZuFyctEy,Melbourne,Florida
956,HCmJZQQFkxpZtVSevkMzUqvFYdzWgkSnodeHedCC,Washington,District of Columbia
957,hvOAgAheLQcdFmITikqBrbqYXKbMWUjYbTINlzAW,Lansing,Michigan
958,NsmiFPcyfaSbpsLAshrQKeagijiYTxvyZwpuCoDj,Savannah,Georgia
959,DtCaDaTyTlhlZrxtLivSRApaeEKQvOLMnrnFMqtW,Philadelphia,Pennsylvania
960,PBCBHOarkHFBWAlnzMzkfgwJENIBmDhIKMmNXBSP,Tampa,Florida
961,yILLfTHkgtbDHKTPGaBLgrNRVwDUDBaDqaazkckE,Lima,Ohio
962,lEGVJSeHsJtUrJPRgfytOUWJwaZWEjwaGhBQTdeQ,Jackson,Mississippi
963,WrqYwXEVCdvooogaFaYhifugCmHwpFwtPLtHuZBa,Omaha,Nebraska
964,BppzqmkcSaUOvsEUayiixEEHzSKftRPXeZEosJpQ,Hicksville,New York
965,cHPIxlMvTRZqjSMJWjKOOjXZJcbGrAWdaeAOBUCj,Manassas,Virginia
966,EcaaofDODNxHVgSALxqjgaYwuVXAxMMaBfotAWoK,New York City,New York
967,XIWedygSrWBiVfHUtThWHWtaTjXnVMykHQavtOep,Santa Monica,California
968,rWFsRTZuvybGovhryMJiOMRXgvZFXIPEFqpyRxta,Fort Lauderdale,Florida
969,vAzoNgOOgPGTxelhBMyRchkqQsKNsGOmRfEJunxo,Tucson,Arizona
970,ofGRqDHrKMqesztgkwZPtkBekKaMVKPrFyWlGBDd,Houston,Texas
971,ZnJfwhFxhetGVdZyZhbWEZPwrgEpkrgPdOzXKhQx,South Bend,Indiana
972,NXCKlfQWBzuTACpUdnaDPmspBRvWAUFNmohHVPDO,Jacksonville,Florida
973,zObAihGwMqWczOubnnwkMlbRiuQOvDuaJbCWhflu,Akron,Ohio
974,TSYlfTpvyAqRJXwDDdmqJOjZXaXuUSGjKGNCwPBF,San Antonio,Texas
975,iWzgyLHXVzSETqXNmyLkxjcxwctBaRdRiJeunXWi,New Orleans,Louisiana
976,ArrrXQKiGmpkCAKoTleXtnFVkfPjsSNDMSrLVXwg,El Paso,Texas
977,uFvLQRPnYrUOxiFGmUeMUjvPWadCSDWoiAQXYTWo,Topeka,Kansas
978,VksHFHxhgByrHpmkpGAtjWSrUiFhAxiyfRkcXaBl,Richmond,Virginia
979,OLTSRysLvvhrttdcZcVkZgwnvSuqIRjBUAmxOvRs,Colorado Springs,Colorado
980,jOHMesMvGftzNkHctewbLNoUfQiHEbGiZEVIjkpn,Philadelphia,Pennsylvania
981,hxpnBfdYNdqbbZLQjdJrtHUFRGzHWTXelkPBlLEe,Amarillo,Texas
982,vNhHUUrrWBgtefkOpvvhXYfjFNxwDZTFZVbECVkl,San Francisco,California
983,sPkkYWqfATrPKuCmhUKQIfGPJuBSNMmbuAalIHpd,Ogden,Utah
984,aIuurriaejlhqWgIfYMNnlKkTgTCrDUJPCPYbtiP,Irvine,California
985,XwhlOdSVOYFyADaIJiMZWMyVnbBNaFbWbuDxTWgd,Raleigh,North Carolina
986,cXRnpDEPFjkIxMRwRElBhOQonDmdHVgAUWRIRUkP,Madison,Wisconsin
987,mgfQPrjDYxBmvdoJiTZWpnaIOxElCSoYadgblmBA,Fort Lauderdale,Florida
988,doTzbkniLjuYZSWEraMVzsrkhRQMsoNYUHsknmyR,Houston,Texas
989,JtCcVcMMHvBNlTURJjAIhkNeTVCKhlACoOfUXCgJ,Seattle,Washington
990,OWhpIyFjeGqeaIEZzVTbfGfhQxWpRhwwhXivQYcF,Jamaica,New York
991,yTZGnFfITODjRKfColnKEgOQwABuueAYeXBoiqaW,Santa Barbara,California
992,wrHsGlkIpSKCHBvbffHeZrukEQtqTCSfCjjziCcn,Salt Lake City,Utah
993,EAJpkOPPvhAefSXnGWqNwXMsDaQnzdXshYCteTXg,Reston,Virginia
994,cOEZZrFyMAiyCtOEnmmTzNvDPNzEDiQtsZzrKQDl,Minneapolis,Minnesota
995,qYXiEUJuHBVfGkWXSwxPnUnIulkcaEqNWBDxMzGv,Des Moines,Iowa
996,oiyoGELavnflmSvckeVunPiQzWQLZkMtbBaDsPuh,Hialeah,Florida
997,eRyGTiSugruNLkRutlRtYlNjxVdgdOfXxzXjbwDo,Raleigh,North Carolina
998,ujaBkrjFuRLnagxntpcfScypVXrfTMLSWrBdQMPJ,San Rafael,California
999,xRDgrmdgOKjJVeqJoMCNXgBXIFNarGShDNPzJRAj,Eugene,Oregon
